date,open,high,low,close,volume,historical_fair_price,historical_fair_price_smooth
2022-05-25,0.00023,0.00023,0.00023,0.00023,10.9 K,,
2022-05-26,0.00023,0.00023,0.000184,0.0002,9.6 K,,
2022-05-27,0.0002,0.000208,0.000171,0.000181,5.7 K,,
2022-05-28,0.000181,0.000205,0.000178,0.000202,11.2 K,,
2022-05-29,0.000202,0.000202,0.000198,0.000202,41 K,,
2022-05-30,0.000202,0.000202,0.000173,0.000173,44 K,,
2022-05-31,0.000173,0.000194,0.000173,0.000189,38 K,,
2022-06-01,0.000189,0.000189,0.000188,0.000189,40.2 K,,
2022-06-02,0.000189,0.000189,0.00018,0.000184,40.9 K,,
2022-06-03,0.000184,0.0005,0.000184,0.0004,52.9 K,,
2022-06-04,0.0004,0.000749,0.0004,0.00059,134.9 K,,
2022-06-05,0.00059,0.000616,0.000466,0.000557,152.5 K,,
2022-06-06,0.000557,0.000559,0.000475,0.0005,123.4 K,,
2022-06-07,0.0005,0.0005,0.000352,0.0004,98.7 K,,
2022-06-08,0.0004,0.000448,0.00038,0.00044,92.3 K,,
2022-06-09,0.00044,0.000544,0.00042,0.0005,99.7 K,,
2022-06-10,0.0005,0.000558,0.00044,0.000558,130.9 K,,
2022-06-11,0.000558,0.00056,0.000491,0.000491,131.8 K,,
2022-06-12,0.000491,0.000519,0.000449,0.000484,115.4 K,,
2022-06-13,0.000484,0.000485,0.000425,0.000433,97.6 K,,
2022-06-14,0.000433,0.000477,0.000388,0.000388,91.8 K,,
2022-06-15,0.000388,0.000392,0.000311,0.000314,83.9 K,,
2022-06-16,0.000314,0.000431,0.000314,0.00039,91.5 K,,
2022-06-17,0.00039,0.000425,0.000364,0.000421,85.5 K,,
2022-06-18,0.000421,0.000421,0.000326,0.000357,79.8 K,,
2022-06-19,0.000357,0.000369,0.00029,0.00033,77.4 K,,
2022-06-20,0.00033,0.000339,0.000283,0.000317,66.8 K,,
2022-06-21,0.000317,0.000379,0.000284,0.000372,71.5 K,,
2022-06-22,0.000372,0.0006,0.000372,0.00045,106.3 K,,
2022-06-23,0.00045,0.00045,0.000342,0.000365,88.6 K,,
2022-06-24,0.000365,0.000389,0.000347,0.000373,78 K,0.00044286464553782627,
2022-06-25,0.000373,0.000384,0.000331,0.000384,75.6 K,0.0004511049100119064,
2022-06-26,0.000384,0.000384,0.000345,0.000352,78.6 K,0.00045461928239124084,
2022-06-27,0.000352,0.00037,0.000344,0.000368,77.4 K,0.00044867948557543046,
2022-06-28,0.000368,0.000385,0.000352,0.000354,82.1 K,0.00044619088657871063,
2022-06-29,0.000354,0.000374,0.000349,0.00036,77.3 K,0.0004408950477231184,
2022-06-30,0.00036,0.000415,0.000354,0.000415,82.7 K,0.0004265121706649505,
2022-07-01,0.000415,0.000415,0.000313,0.000332,78.7 K,0.0004152307036441069,
2022-07-02,0.000332,0.000364,0.00032,0.000336,74.1 K,0.0003917010617959018,
2022-07-03,0.000336,0.000342,0.000307,0.000307,70.3 K,0.0003592912936426771,
2022-07-04,0.000307,0.00032,0.000286,0.0003,65.6 K,0.00034442409015496327,
2022-07-05,0.0003,0.000325,0.000263,0.000287,67.7 K,0.00034141448998810495,
2022-07-06,0.000287,0.000299,0.000235,0.000269,65.8 K,0.00033806600066526595,
2022-07-07,0.000269,0.000283,0.000262,0.00028,63 K,0.0003322674560581372,
2022-07-08,0.00028,0.00028,0.000254,0.000275,57.9 K,0.00032114805916123943,
2022-07-09,0.000275,0.00028,0.000239,0.000249,55 K,0.0003117161230180729,
2022-07-10,0.000249,0.000264,0.000222,0.000236,51.2 K,0.0003038805938067188,
2022-07-11,0.000236,0.00025,0.000222,0.00024,52.7 K,0.0002998458711018221,
2022-07-12,0.00024,0.00024,0.0002,0.000239,51.1 K,0.00029494395562558754,
2022-07-13,0.000239,0.000261,0.000232,0.000245,52.9 K,0.00029176736766855957,
2022-07-14,0.000245,0.00025,0.000231,0.000231,51.6 K,0.00028836605538735613,
2022-07-15,0.000231,0.000259,0.000222,0.000244,50.9 K,0.0002825730556670913,
2022-07-16,0.000244,0.00026,0.00022,0.000251,53.4 K,0.000272289574784204,
2022-07-17,0.000251,0.000258,0.00023,0.000233,56.1 K,0.00026764107661475745,
2022-07-18,0.000233,0.000244,0.000224,0.000244,50.9 K,0.00026476062683862187,
2022-07-19,0.000244,0.000247,0.000226,0.000242,52.2 K,0.0002600727582779056,0.00023893458322738265
2022-07-20,0.000242,0.000243,0.000221,0.000221,48.4 K,0.0002535805698328537,0.00023493788996269848
2022-07-21,0.000221,0.000237,0.000208,0.00021,48.1 K,0.00024378868670513266,0.00023200548259961522
2022-07-22,0.00021,0.000237,0.000207,0.000209,48.6 K,0.00023613939550336377,0.00022996064301776165
2022-07-23,0.000209,0.00024,0.000209,0.000235,45.7 K,0.00023372763371898355,0.00022879500737214915
2022-07-24,0.000235,0.000241,0.000217,0.000222,50.6 K,0.00022999027467807942,0.0002277123970346465
2022-07-25,0.000222,0.00024,0.000212,0.000239,50 K,0.00022616545848703224,0.00022641929413179377
2022-07-26,0.000239,0.000242,0.000216,0.00023,49.6 K,0.00022497296372933344,0.00022499528228626643
2022-07-27,0.00023,0.000369,0.000225,0.000261,57.4 K,0.00022191661967821419,0.0002248789819299439
2022-07-28,0.000261,0.000341,0.000242,0.000284,66.4 K,0.0002223112881648178,0.00022652231267786762
2022-07-29,0.000284,0.000396,0.000254,0.000396,83 K,0.00022375372126441802,0.00022934689379547864
2022-07-30,0.000396,0.000531,0.000355,0.000531,136.3 K,0.0002313660530506766,0.0002346437616959687
2022-07-31,0.000531,0.000699,0.000438,0.000676,170.4 K,0.0002491249424845161,0.00024254908575932753
2022-08-01,0.000676,0.000871,0.000622,0.000871,222.8 K,0.0002689785334996452,0.00025358193712349893
2022-08-02,0.000871,0.000973,0.000451,0.00072,271.6 K,0.0002970916161094414,0.0002686847677856695
2022-08-03,0.00072,0.000839,0.00072,0.0008,244.7 K,0.00032173050167839354,0.00028949059957846576
2022-08-04,0.0008,0.0008,0.000615,0.000705,180.4 K,0.000350993464873301,0.0003150419333508272
2022-08-05,0.000705,0.000706,0.000614,0.000614,149.9 K,0.00037841960602891315,0.00034540239172212633
2022-08-06,0.000614,0.0007,0.00061,0.000695,149.4 K,0.00040146710928580477,0.000379375743694301
2022-08-07,0.000695,0.000695,0.000601,0.00061,140.1 K,0.00043152546692951473,0.00041494083098021057
2022-08-08,0.00061,0.000643,0.000516,0.0006,141.3 K,0.0004595923805120635,0.00045407824072887115
2022-08-09,0.0006,0.000674,0.000599,0.000674,157.4 K,0.0005175198001128487,0.0004956953555830199
2022-08-10,0.000674,0.000731,0.000636,0.000649,160.9 K,0.0005127541166299028,0.0005412425250263915
2022-08-11,0.000649,0.000747,0.000641,0.000695,160.1 K,0.0005400923715472164,0.0005922719781902179
2022-08-12,0.000695,0.000765,0.000674,0.00076,168.3 K,0.0005700814000933172,0.0006479280359371238
2022-08-13,0.00076,0.00095,0.000731,0.00095,180.4 K,0.0006058406064496003,0.0007100083941446303
2022-08-14,0.00095,0.00119,0.0009,0.001138,300.4 K,0.0006487495427804897,0.0007790969864648981
2022-08-15,0.001138,0.001442,0.001088,0.001305,324.5 K,0.0007045790640449922,0.0008532279022389144
2022-08-16,0.001305,0.001463,0.001224,0.001392,435 K,0.0007730295296391709,0.0009321649791158454
2022-08-17,0.001392,0.002433,0.001392,0.002433,551.9 K,0.0008431868578905912,0.0010156199757752134
2022-08-18,0.002433,0.003154,0.002203,0.002999,693.5 K,0.0009580036683915096,0.0011047555076617727
2022-08-19,0.002999,0.003732,0.002902,0.003208,985.4 K,0.0011004284095665633,0.0011990094713798135
2022-08-20,0.003208,0.003513,0.002001,0.002406,911.8 K,0.001252934313537228,0.0012983671585303962
2022-08-21,0.002406,0.002701,0.001788,0.002198,635.3 K,0.001378128665424845,0.0014026270638422187
2022-08-22,0.002198,0.002474,0.001991,0.002417,569 K,0.0014879657628573556,0.0015120156111489023
2022-08-23,0.002417,0.002904,0.002301,0.002445,597.5 K,0.001618103221234546,0.001622393968603904
2022-08-24,0.002445,0.00306,0.002423,0.002902,683.2 K,0.0017316062282184878,0.0017307901343488294
2022-08-25,0.002902,0.0036,0.002788,0.003465,822 K,0.001864018076108789,0.0018348936083815606
2022-08-26,0.003465,0.003465,0.002965,0.00313,847 K,0.001991642607040742,0.001937789879926042
2022-08-27,0.00313,0.00313,0.002548,0.002548,694.5 K,0.002093791187471806,0.0020416255698553396
2022-08-28,0.002548,0.00281,0.002327,0.00274,654.2 K,0.00213407208193831,0.0021456984656163993
2022-08-29,0.00274,0.002751,0.002326,0.002326,628.4 K,0.002203259717910974,0.0022500393834158122
2022-08-30,0.002326,0.002777,0.002326,0.002587,620.2 K,0.0022688740977648792,0.0023535182104549323
2022-08-31,0.002587,0.002904,0.002561,0.002904,612.4 K,0.002379841392855563,0.002454164709715739
2022-09-01,0.002904,0.002904,0.002627,0.002694,681.7 K,0.002571130979701373,0.0025527133401623565
2022-09-02,0.002694,0.002952,0.0026,0.002935,635.7 K,0.0027112258281088847,0.002651289061859268
2022-09-03,0.002935,0.002953,0.002532,0.002739,694.1 K,0.002901181182475889,0.0027463719480365968
2022-09-04,0.002739,0.002739,0.002576,0.002682,653 K,0.003052011660463897,0.002842241296098304
2022-09-05,0.002682,0.002814,0.002534,0.002814,632.6 K,0.0031470044925776155,0.0029365541139571107
2022-09-06,0.002814,0.002814,0.0026,0.002738,634 K,0.0032749010439811566,0.0030313473927360084
2022-09-07,0.002738,0.002832,0.002643,0.0028,675.9 K,0.003338613289139116,0.0031253662343698678
2022-09-08,0.0028,0.003455,0.002668,0.003455,693.3 K,0.0033652567231655835,0.003216948265371316
2022-09-09,0.003455,0.004415,0.003204,0.004198,1.1 m,0.0034418643047049546,0.0033073741322947486
2022-09-10,0.004198,0.00491,0.004076,0.004807,1.5 m,0.0035114149614368195,0.003397819655058597
2022-09-11,0.004807,0.004807,0.004203,0.004599,1.3 m,0.0035795658219319303,0.0034871275875033225
2022-09-12,0.004599,0.0047,0.00437,0.004439,1.1 m,0.0035951318450387067,0.003572540792457073
2022-09-13,0.004439,0.004479,0.003979,0.004046,1 m,0.003604456088950866,0.00365592023531309
2022-09-14,0.004046,0.004046,0.00358,0.003911,971 K,0.003586743094276602,0.003735357725508725
2022-09-15,0.003911,0.00413,0.003505,0.003977,949 K,0.003546551519725901,0.00380932371538448
2022-09-16,0.003977,0.004076,0.003647,0.003749,972.9 K,0.0034583733147304048,0.0038746466553814967
2022-09-17,0.003749,0.004277,0.003442,0.004197,995.6 K,0.0034824691821644387,0.003931851076514959
2022-09-18,0.004197,0.0049,0.003961,0.004892,1.1 m,0.0035970019279379455,0.003981353572022896
2022-09-19,0.004892,0.004892,0.004492,0.004778,1.2 m,0.0038022460496978825,0.004022579810675231
2022-09-20,0.004778,0.004778,0.00415,0.004292,1.1 m,0.003919792940108744,0.004057562949512199
2022-09-21,0.004292,0.00463,0.004286,0.004388,1.1 m,0.003957427115317334,0.004085364465589109
2022-09-22,0.004388,0.004509,0.004118,0.004445,1.1 m,0.004012575073727896,0.0041056253923633336
2022-09-23,0.004446,0.004627,0.004144,0.00427,641.5 K,0.004048798414973315,0.004115601334766311
2022-09-24,0.004269,0.004642,0.003956,0.004044,8.5 K,0.004114579233884451,0.004115243968340753
2022-09-25,0.004053,0.004411,0.003773,0.003788,8.7 K,0.004240696624664042,0.004104268335614431
2022-09-26,0.003788,0.004013,0.003561,0.003764,8.4 K,0.004334364500832172,0.004084995991737339
2022-09-27,0.003572,0.004987,0.003564,0.004808,14.8 K,0.004348654076471898,0.004060384172170596
2022-09-28,0.004808,0.005059,0.003806,0.004205,28.6 K,0.004468971651604508,0.004029086975473176
2022-09-29,0.004205,0.004219,0.003535,0.003882,20.1 K,0.004463054477533064,0.003993135113015689
2022-09-30,0.003881,0.003901,0.00272,0.002741,9.4 K,0.004446537127427794,0.0039516943824039145
2022-10-01,0.002741,0.003159,0.002707,0.003112,14.2 K,0.004354547507840253,0.0039040205640739874
2022-10-02,0.003106,0.003493,0.002907,0.003089,7.5 K,0.004266439778037073,0.003851616652015368
2022-10-03,0.003089,0.003284,0.002653,0.002664,5.1 K,0.004203727795632157,0.0037917915644672144
2022-10-04,0.002664,0.003072,0.002128,0.002157,6.2 K,0.004065199630471638,0.0037242549314983045
2022-10-05,0.002159,0.002787,0.002005,0.002034,7.9 K,0.0038484662605770435,0.003650900419005577
2022-10-06,0.002034,0.002789,0.001982,0.00262,5.6 K,0.0036289118691410155,0.003574046132782333
2022-10-07,0.002621,0.002634,0.002016,0.002193,7.1 K,0.003457892379897023,0.0034931690574264884
2022-10-08,0.002193,0.002592,0.002132,0.002344,3.4 K,0.00322724793459841,0.0034070688996211992
2022-10-09,0.002345,0.002703,0.002315,0.002329,2.9 K,0.0030574225066547704,0.0033150974874430962
2022-10-10,0.002329,0.002925,0.00232,0.002721,4 K,0.00293470339459795,0.003218012330700374
2022-10-11,0.002721,0.002926,0.002292,0.002297,4.9 K,0.002889973952244056,0.003115462858490009
2022-10-12,0.002297,0.002676,0.002265,0.002285,4.6 K,0.002811457390968611,0.00300390330763216
2022-10-13,0.002285,0.002494,0.002099,0.00249,2.4 K,0.002737540712418549,0.002888351743331607
2022-10-14,0.00249,0.002491,0.001834,0.001938,2.5 K,0.002667615677981527,0.002771935833139514
2022-10-15,0.001939,0.002353,0.001924,0.00211,3.5 K,0.0025458615531274635,0.002659506536938793
2022-10-16,0.00211,0.002304,0.002092,0.002097,3.3 K,0.0024500287577987542,0.002549358151470858
2022-10-17,0.002097,0.002316,0.002097,0.002119,1.2 K,0.0023396678670575596,0.002441416855995555
2022-10-18,0.002119,0.002342,0.001948,0.001956,2.1 K,0.0022531817495661127,0.002336724474855748
2022-10-19,0.001954,0.00236,0.001918,0.001935,3 K,0.0021926527706907467,0.0022348537669735677
2022-10-20,0.001935,0.002125,0.001719,0.001721,4.3 K,0.0021404412110054756,0.0021400573270570628
2022-10-21,0.001721,0.001918,0.001518,0.001523,4.1 K,0.0020602600351613204,0.002053877651722028
2022-10-22,0.001524,0.001727,0.001318,0.001533,3.9 K,0.0019761915167267347,0.0019746784820910304
2022-10-23,0.001533,0.001922,0.001531,0.001537,4.5 K,0.0019086632186060381,0.0019018165671940614
2022-10-24,0.001537,0.001763,0.001529,0.001761,2.8 K,0.0018481303321734445,0.0018400979232427337
2022-10-25,0.001761,0.001937,0.001535,0.00174,1.4 K,0.0018083242665149469,0.0017876957447153887
2022-10-26,0.00174,0.00201,0.001541,0.001808,1.9 K,0.001763161889089892,0.0017464188480590041
2022-10-27,0.001808,0.002095,0.001614,0.001869,3.9 K,0.001724185508810695,0.0017163417373076857
2022-10-28,0.001869,0.002085,0.00162,0.001827,4.3 K,0.0017406025174859143,0.0016973325757938457
2022-10-29,0.001826,0.002072,0.001606,0.001855,2.7 K,0.0017537772989573651,0.0016940934470568148
2022-10-30,0.001855,0.002087,0.001653,0.001665,2.2 K,0.0017789960248174416,0.0017023894371381227
2022-10-31,0.001665,0.002084,0.001642,0.001855,1.6 K,0.0017448217907436645,0.001720922181733302
2022-11-01,0.001856,0.00208,0.001823,0.001846,1.4 K,0.0017512720618200108,0.0017490948567771504
2022-11-02,0.001845,0.002868,0.001841,0.002663,6.7 K,0.0017705191640991253,0.001785604599135095
2022-11-03,0.002663,0.003066,0.002446,0.002621,10 K,0.0018295686728409533,0.0018306558726629678
2022-11-04,0.002621,0.003444,0.002435,0.00303,11.7 K,0.0018571986170834043,0.001886401758104189
2022-11-05,0.003031,0.004655,0.003029,0.00402,11.6 K,0.001887494185395738,0.0019591109213813883
2022-11-06,0.004231,0.0045,0.003409,0.003831,33.7 K,0.0020044735310999783,0.0020509832632203528
2022-11-07,0.003832,0.00446,0.003822,0.00419,18.8 K,0.002088293799965599,0.0021646723987238446
2022-11-08,0.004181,0.004422,0.003713,0.003907,19.6 K,0.0021999985473736753,0.002294904452251265
2022-11-09,0.003913,0.004353,0.003429,0.003703,10 K,0.0023009069901327376,0.0024459655805464066
2022-11-10,0.003703,0.003941,0.003118,0.003629,13.4 K,0.0024382887744316436,0.0026161259502189807
2022-11-11,0.003656,0.004814,0.003358,0.004039,14.6 K,0.002549076910865169,0.002797886383568478
2022-11-12,0.004047,0.004728,0.003949,0.004111,20.5 K,0.002686223816314152,0.0029894614987962856
2022-11-13,0.00409,0.004227,0.003858,0.003862,6.9 K,0.0028693569820028614,0.0031900022444965675
2022-11-14,0.003864,0.004777,0.003802,0.004573,6.3 K,0.002986401091885303,0.0034014559310176417
2022-11-15,0.004573,0.007231,0.004485,0.006484,26.4 K,0.0031681935772060596,0.003625600558761564
2022-11-16,0.006479,0.007187,0.005223,0.006079,53.5 K,0.0034478142824680433,0.0038614670964367856
2022-11-17,0.005747,0.00685,0.005583,0.006494,30.2 K,0.0037434746386374638,0.00410626683900811
2022-11-18,0.006494,0.006769,0.00616,0.006175,23.1 K,0.004060082515672068,0.004359641555574773
2022-11-19,0.006175,0.006601,0.005862,0.006349,19.8 K,0.004389883073426687,0.004622875307440497
2022-11-20,0.006012,0.006824,0.005995,0.006687,9.2 K,0.004709730984632111,0.004894301537583847
2022-11-21,0.006687,0.008595,0.006682,0.007809,26.2 K,0.0049984796256655195,0.005165046501932258
2022-11-22,0.007655,0.007655,0.006291,0.006481,51.4 K,0.0053340902315026344,0.005435606677088451
2022-11-23,0.006465,0.007931,0.006272,0.007269,21.8 K,0.005568668317954572,0.0057056294034597286
2022-11-24,0.0073,0.00793,0.007075,0.007314,24.3 K,0.005895636464047627,0.005971035616601604
2022-11-25,0.007314,0.007819,0.007089,0.007633,14.9 K,0.006201480175196421,0.00623171380479088
2022-11-26,0.007633,0.009589,0.007602,0.009416,40.5 K,0.006525610707520777,0.00648385337782346
2022-11-27,0.008917,0.009444,0.00846,0.009058,53.2 K,0.006955756101331316,0.00672347532526194
2022-11-28,0.008722,0.009785,0.00872,0.00921,33.7 K,0.007332116020282045,0.006951129259796338
2022-11-29,0.0092,0.009726,0.00788,0.00876,64 K,0.007698343640778821,0.0071641252627605125
2022-11-30,0.00876,0.00928,0.00851,0.008884,38.4 K,0.00788967938540456,0.00736155846356061
2022-12-01,0.008877,0.009143,0.008583,0.008643,974.7 K,0.00806607234227449,0.007541223607163445
2022-12-02,0.008624,0.008775,0.007944,0.008406,1.2 m,0.00808626580250548,0.007700827168570258
2022-12-03,0.008363,0.008363,0.007124,0.007349,1.1 m,0.008252546246541889,0.007839236724808664
2022-12-04,0.007208,0.007651,0.006556,0.006556,1.1 m,0.008235905953760128,0.007955972418784553
2022-12-05,0.006842,0.007587,0.006651,0.007244,1.2 m,0.008155018998361435,0.008050559061936356
2022-12-06,0.007244,0.008282,0.007157,0.008137,759.2 K,0.00829556875123978,0.008123021501238881
2022-12-07,0.008048,0.008259,0.007416,0.007685,944 K,0.008445455698618503,0.008171262123945389
2022-12-08,0.007647,0.00788,0.007406,0.007547,654.2 K,0.008612919888483242,0.008194415464447618
2022-12-09,0.007526,0.007532,0.007098,0.007237,543.3 K,0.008702344017002598,0.008195454827109889
2022-12-10,0.007237,0.007698,0.007105,0.007367,638.7 K,0.008686051000799742,0.008174049068060515
2022-12-11,0.007367,0.007715,0.007165,0.007208,602.5 K,0.008601588322197089,0.008131282808582397
2022-12-12,0.007208,0.007311,0.006951,0.007003,391.4 K,0.008525763641551646,0.00806883148881535
2022-12-13,0.007003,0.007146,0.006648,0.006941,436.4 K,0.008393149933944825,0.007989378480020579
2022-12-14,0.006918,0.006987,0.006005,0.006258,608.8 K,0.008122304366655748,0.007894536563325913
2022-12-15,0.006303,0.006801,0.006085,0.006131,809.7 K,0.007814038442583724,0.007786317400419965
2022-12-16,0.00614,0.006205,0.005689,0.005709,537.2 K,0.0077058461118617765,0.007664497148590546
2022-12-17,0.005672,0.005959,0.005102,0.005112,815.9 K,0.007502756607310835,0.007529497943028728
2022-12-18,0.005112,0.006164,0.004913,0.006164,689.8 K,0.007278684956786241,0.007384821134370369
2022-12-19,0.006139,0.006378,0.005512,0.005534,715.9 K,0.007111683230552861,0.007227915808521982
2022-12-20,0.005554,0.005735,0.005094,0.005221,545.5 K,0.006884607597225426,0.007063147883788331
2022-12-21,0.005249,0.00531,0.004938,0.005149,661.3 K,0.006641131278631857,0.006891438570920679
2022-12-22,0.005141,0.005761,0.00511,0.005573,543 K,0.006494626909750639,0.006716118841034502
2022-12-23,0.005567,0.005795,0.005499,0.005795,547.2 K,0.006272357295444219,0.006545009099475809
2022-12-24,0.005782,0.005853,0.005149,0.005153,455 K,0.006117201066307227,0.006376097005816892
2022-12-25,0.005177,0.005365,0.005125,0.005226,309.5 K,0.005900483780549531,0.006213836150421302
2022-12-26,0.005226,0.005388,0.005219,0.005332,208.7 K,0.005694416315185529,0.006057245873802449
2022-12-27,0.005332,0.00537,0.005015,0.005075,266.3 K,0.005609446014423584,0.00590767597057221
2022-12-28,0.005054,0.00517,0.004543,0.004928,436.9 K,0.005502925785497347,0.005760796694228628
2022-12-29,0.004957,0.004957,0.004524,0.004758,818.2 K,0.005414392877975361,0.0056221576558814915
2022-12-30,0.004761,0.00492,0.004539,0.004603,384 K,0.005308253221913257,0.0054896710001093975
2022-12-31,0.004612,0.005141,0.004212,0.004837,483.9 K,0.00521885587957788,0.005360917651817439
2023-01-01,0.004864,0.005393,0.004817,0.005314,801 K,0.005162606799750786,0.005244177949225514
2023-01-02,0.005314,0.005474,0.005152,0.005209,457.8 K,0.005160525237054647,0.005141484099167981
2023-01-03,0.005208,0.005344,0.005153,0.005177,284.5 K,0.005111025793590923,0.005055861761528797
2023-01-04,0.00517,0.005209,0.004859,0.004987,347.5 K,0.005003453342460266,0.004987351093378374
2023-01-05,0.004994,0.005049,0.004893,0.004967,358.2 K,0.004918852601116518,0.0049357348952895445
2023-01-06,0.004967,0.005023,0.004535,0.004544,347.1 K,0.004896582200315596,0.0048985895575751745
2023-01-07,0.004533,0.004791,0.004454,0.004501,401 K,0.004836574751127378,0.00487577329309532
2023-01-08,0.004501,0.004581,0.004336,0.004436,331.1 K,0.004783313661208636,0.004866199020060404
2023-01-09,0.004438,0.005017,0.004382,0.004809,410.6 K,0.004721538109962519,0.0048643560772779655
2023-01-10,0.004835,0.005041,0.004684,0.00486,652.9 K,0.0047113527126133115,0.004868398767921783
2023-01-11,0.00486,0.004948,0.004549,0.004638,451.1 K,0.004714609340422976,0.004883929784394353
2023-01-12,0.004638,0.005031,0.004586,0.005031,321 K,0.004709174121990208,0.004908813079964526
2023-01-13,0.004999,0.005629,0.004788,0.005629,587.3 K,0.004753472454540841,0.004940351075534165
2023-01-14,0.005631,0.00635,0.005549,0.00602,982.9 K,0.004813693145585657,0.004979351969584396
2023-01-15,0.00602,0.006487,0.005892,0.006201,912 K,0.004906782022678095,0.005022198235311428
2023-01-16,0.006204,0.006204,0.005528,0.006109,584.4 K,0.0049945853460731365,0.0050683096160691835
2023-01-17,0.006016,0.006873,0.00596,0.006676,742.2 K,0.005020141711975571,0.005122346050714066
2023-01-18,0.006676,0.006747,0.006349,0.006417,767.9 K,0.005171068737434744,0.005180264925168151
2023-01-19,0.006421,0.006755,0.005936,0.005955,608.1 K,0.005275182636707739,0.0052423735942063775
2023-01-20,0.005955,0.006292,0.005859,0.006262,723.8 K,0.0053258896982970915,0.005304712439226021
2023-01-21,0.00621,0.006459,0.006077,0.006402,535.7 K,0.005382024991908261,0.005366000796371491
2023-01-22,0.006404,0.006493,0.006113,0.006113,525.6 K,0.005483881098445259,0.005429449934063976
2023-01-23,0.006108,0.006256,0.005803,0.005957,529.2 K,0.005603753514086023,0.005491095208828275
2023-01-24,0.005957,0.006512,0.005835,0.006482,557.3 K,0.0056639950293482875,0.005552080772898812
2023-01-25,0.006493,0.006493,0.00594,0.005957,642.4 K,0.005768199293876702,0.005611581418007755
2023-01-26,0.005975,0.00629,0.005923,0.006265,453.3 K,0.005856350317203559,0.005668571850776783
2023-01-27,0.006266,0.006282,0.005955,0.006167,570.4 K,0.005949903133109256,0.005723284992531947
2023-01-28,0.006192,0.006273,0.005947,0.006156,566.9 K,0.0060252636370023965,0.005778382959539902
2023-01-29,0.006109,0.006226,0.005643,0.005698,700.4 K,0.006078811757508025,0.005834064465019913
2023-01-30,0.005707,0.005979,0.00561,0.0059,538.4 K,0.006065183984738751,0.005886697499761042
2023-01-31,0.005888,0.005913,0.005153,0.005552,518.9 K,0.006075389567544246,0.005937400089297935
2023-02-01,0.005556,0.005748,0.005337,0.005398,787.9 K,0.006106808724870609,0.005985836790070927
2023-02-02,0.005421,0.00584,0.005181,0.005744,570.5 K,0.006120876366097089,0.006029807576032822
2023-02-03,0.00578,0.006137,0.005661,0.005831,801.1 K,0.0061672347203612305,0.006068194900430165
2023-02-04,0.005809,0.005873,0.005505,0.005617,571.8 K,0.0062052968125216705,0.006099564513511124
2023-02-05,0.005617,0.005894,0.005515,0.005763,555.3 K,0.0062315710512545934,0.006124811978422818
2023-02-06,0.005722,0.006961,0.005722,0.006567,1.1 m,0.006217335178195994,0.006144040553203699
2023-02-07,0.006568,0.007489,0.006271,0.007153,1.8 m,0.006242645403535379,0.006157763279600352
2023-02-08,0.00711,0.007572,0.006918,0.007433,1.8 m,0.006272770372945966,0.006169986310295856
2023-02-09,0.007433,0.007557,0.007003,0.007169,1.4 m,0.0063430568945635445,0.006183216687976265
2023-02-10,0.007186,0.007283,0.006512,0.006589,1.1 m,0.006385777645426111,0.006200713386957202
2023-02-11,0.006531,0.006767,0.006311,0.006737,1 m,0.006330195748353327,0.0062222078521745015
2023-02-12,0.006693,0.006779,0.006384,0.006415,527.5 K,0.006291764885734838,0.006246601905249586
2023-02-13,0.006405,0.006685,0.006405,0.006534,416.1 K,0.006266766974391914,0.006278889762177087
2023-02-14,0.006534,0.006539,0.006298,0.006539,540.7 K,0.006275174135127399,0.0063200242586597425
2023-02-15,0.006553,0.006849,0.006402,0.00651,592.4 K,0.006296263214329963,0.006366294730502686
2023-02-16,0.00651,0.00718,0.006488,0.007162,630.6 K,0.006298923548257106,0.006420733400220388
2023-02-17,0.007162,0.007392,0.006854,0.006856,1.1 m,0.006400489733121515,0.006485066433035874
2023-02-18,0.006887,0.007619,0.006858,0.007494,835.6 K,0.006472283604397301,0.006561715776306621
2023-02-19,0.007494,0.007938,0.00745,0.007738,1.1 m,0.006541007323588727,0.0066471753925607426
2023-02-20,0.007761,0.007873,0.007573,0.007792,946.7 K,0.00664999917490899,0.0067463809109753504
2023-02-21,0.007789,0.007851,0.007604,0.007667,809.7 K,0.006782662018460097,0.006860067565574105
2023-02-22,0.007661,0.007714,0.006925,0.007167,840.5 K,0.006884090936433218,0.00698573086469082
2023-02-23,0.007157,0.007503,0.006787,0.007051,1.1 m,0.006927245994972859,0.0071262959379687464
2023-02-24,0.007072,0.007488,0.006909,0.007293,803.6 K,0.007019267618574328,0.007275294197425512
2023-02-25,0.00722,0.007845,0.007185,0.007752,1.1 m,0.007076756252035444,0.007429955139500845
2023-02-26,0.007728,0.008473,0.007684,0.008385,1.4 m,0.007198455422072447,0.007594196480359172
2023-02-27,0.008465,0.009118,0.00822,0.009009,1.8 m,0.007358813467664715,0.007769660446461384
2023-02-28,0.009011,0.011535,0.008517,0.010842,2.3 m,0.007569647386259222,0.00795804360317033
2023-03-01,0.010785,0.012808,0.010444,0.011178,5.7 m,0.007834438985292399,0.008163559691624151
2023-03-02,0.011269,0.013304,0.011258,0.013012,4.3 m,0.008145937536941872,0.008386952089344934
2023-03-03,0.013023,0.014799,0.012586,0.01424,5.3 m,0.008506046466963797,0.00862517448386072
2023-03-04,0.014286,0.014448,0.011322,0.012721,6.1 m,0.008882869286389525,0.008869974694758259
2023-03-05,0.012737,0.013335,0.011681,0.012204,4.4 m,0.009214851938520192,0.009122780461637035
2023-03-06,0.012156,0.012595,0.01198,0.01259,1.9 m,0.00951574558020242,0.009372690473231339
2023-03-07,0.012672,0.014291,0.012424,0.013953,2.2 m,0.00977260652432758,0.009622556096473034
2023-03-08,0.01393,0.014344,0.012514,0.012766,3.7 m,0.010067623735103138,0.009863770349995195
2023-03-09,0.012889,0.012889,0.011242,0.011588,3.7 m,0.010367995481071783,0.010087148048266562
2023-03-10,0.011663,0.01184,0.009875,0.010301,4.1 m,0.010658629899417042,0.01029754012464721
2023-03-11,0.010355,0.011932,0.009125,0.011873,5.3 m,0.010905613152403229,0.010503372917330438
2023-03-12,0.011931,0.012957,0.011291,0.012077,4.6 m,0.011255166471276308,0.010710333802345842
2023-03-13,0.012077,0.012226,0.011265,0.012035,2.7 m,0.011533862509128951,0.01092099245964531
2023-03-14,0.012062,0.013396,0.012062,0.012532,2.9 m,0.011823682381349454,0.011139043155680992
2023-03-15,0.012534,0.014425,0.012061,0.013972,4.6 m,0.012075521085369587,0.011378486964346632
2023-03-16,0.014116,0.014116,0.012496,0.012998,4.7 m,0.012411989797642499,0.011653883758986227
2023-03-17,0.013026,0.013591,0.012725,0.013452,3.4 m,0.012645302695288017,0.011948895283462383
2023-03-18,0.013422,0.014447,0.013402,0.013984,3 m,0.012846186857619122,0.012267549362940135
2023-03-19,0.013999,0.014306,0.013622,0.013951,3 m,0.013150902971216653,0.012620000934756504
2023-03-20,0.013922,0.017394,0.013922,0.016357,2.6 m,0.013348794111627432,0.01300718521749776
2023-03-21,0.016358,0.017691,0.015718,0.017052,6.3 m,0.013759960791798066,0.013419932504564877
2023-03-22,0.017124,0.017587,0.015629,0.01577,5.2 m,0.014228846045298242,0.013863330304314045
2023-03-23,0.015796,0.016537,0.015547,0.015973,7.2 m,0.014608952657527189,0.014342317740268062
2023-03-24,0.016008,0.016924,0.015898,0.016917,8.5 m,0.014965290518014044,0.014873023905781397
2023-03-25,0.016927,0.017136,0.016621,0.01669,7.2 m,0.015245575264443034,0.015456280003073003
2023-03-26,0.01669,0.017008,0.016211,0.016721,2.4 m,0.01539319710501932,0.016085411074573976
2023-03-27,0.016713,0.018554,0.016526,0.018193,2.6 m,0.015466426088916295,0.016760328000813764
2023-03-28,0.018193,0.022594,0.018193,0.022437,5.8 m,0.015585055721368016,0.017479428765417908
2023-03-29,0.022451,0.023602,0.02116,0.023029,20.6 m,0.015916075816015104,0.018244428355932495
2023-03-30,0.023016,0.036985,0.022946,0.028058,35.9 m,0.016227835503652706,0.01904890077236076
2023-03-31,0.027581,0.032891,0.027235,0.0291,52.3 m,0.0169428884027219,0.01988978483621534
2023-04-01,0.028962,0.033515,0.028962,0.032769,24.5 m,0.017670615926534426,0.02075996564471782
2023-04-02,0.032463,0.038348,0.032197,0.035655,24.5 m,0.018764636812322072,0.0216484765451283
2023-04-03,0.035736,0.042511,0.035554,0.038562,22.7 m,0.020225091535270533,0.022530728618831885
2023-04-04,0.03879,0.040956,0.03546,0.036843,22.6 m,0.021710778304238655,0.02340572006650088
2023-04-05,0.036508,0.037706,0.031696,0.034951,24.1 m,0.023079176187419035,0.02425868915422828
2023-04-06,0.035049,0.036295,0.027923,0.030415,23.1 m,0.02442304481422334,0.02509023997505544
2023-04-07,0.0302,0.0325,0.029635,0.031544,21.1 m,0.025824779635042962,0.025893541952475573
2023-04-08,0.031467,0.031676,0.028711,0.030228,11.5 m,0.027207862437336895,0.026663262303603434
2023-04-09,0.03009,0.030906,0.028991,0.029284,8.9 m,0.028308356780618847,0.02738815087549817
2023-04-10,0.02926,0.036369,0.029111,0.034487,14.1 m,0.028900380660628965,0.028064960755234746
2023-04-11,0.034478,0.036708,0.032983,0.034719,27.1 m,0.03005525899522527,0.028691835333526622
2023-04-12,0.034561,0.038329,0.032487,0.032657,15.2 m,0.031173296556747037,0.029274040267918616
2023-04-13,0.032657,0.033698,0.03194,0.032522,9.2 m,0.031996438189567086,0.029805541439548607
2023-04-14,0.032522,0.034362,0.032004,0.032809,10.9 m,0.03273931423301293,0.03029196376684337
2023-04-15,0.032809,0.035943,0.032785,0.035681,10.9 m,0.0337187455621622,0.030735140966013035
2023-04-16,0.035681,0.035859,0.033248,0.033423,9.1 m,0.03456056139928343,0.03112704272244101
2023-04-17,0.033438,0.033771,0.027074,0.027074,9.1 m,0.035143228887236456,0.03146466341527625
2023-04-18,0.025305,0.029732,0.025239,0.027789,24.4 m,0.03509866594997032,0.03175070088230247
2023-04-19,0.027804,0.028763,0.024393,0.02528,9.7 m,0.034849419116643375,0.03197981627678128
2023-04-20,0.025287,0.025708,0.022364,0.023239,12 m,0.03465914420390626,0.032146662837807975
2023-04-21,0.022881,0.02759,0.022881,0.02548,9.9 m,0.03431197775590611,0.03223219341092346
2023-04-22,0.025504,0.027599,0.024197,0.024382,9 m,0.033838777375862356,0.03223217361664285
2023-04-23,0.02453,0.025295,0.023516,0.024054,6.1 m,0.033106804973411404,0.032161325318108225
2023-04-24,0.024029,0.024888,0.023593,0.024025,4.3 m,0.03234658961097784,0.032020824502744794
2023-04-25,0.024151,0.026221,0.023894,0.02564,5.3 m,0.03136407780970575,0.0318171519348495
2023-04-26,0.025715,0.027665,0.025714,0.026745,6.7 m,0.030281438693017516,0.031565635126545935
2023-04-27,0.026576,0.031806,0.02619,0.030972,8.5 m,0.029210835234793453,0.03126097779539796
2023-04-28,0.031095,0.031731,0.029085,0.03133,12.4 m,0.028768030379721254,0.030917076218460134
2023-04-29,0.03133,0.032793,0.030065,0.031383,9.1 m,0.02817828748267427,0.030553476723610053
2023-04-30,0.031319,0.031491,0.028283,0.028772,5.9 m,0.027916681584683432,0.030177167747025772
2023-05-01,0.028835,0.029201,0.026847,0.028593,6.5 m,0.027438822994963596,0.02977786976006753
2023-05-02,0.028675,0.02876,0.025617,0.025909,7.2 m,0.027151555882445645,0.029358548886405027
2023-05-03,0.025932,0.027473,0.023079,0.026315,8.8 m,0.02685660114320061,0.028915902594002334
2023-05-04,0.026308,0.027154,0.02499,0.026236,6.4 m,0.02686371090563133,0.028455079301820837
2023-05-05,0.026311,0.030069,0.025812,0.027617,8.1 m,0.026882992163492242,0.027975869949904537
2023-05-06,0.027769,0.028266,0.025099,0.02687,9 m,0.02700782942875085,0.027473161334599757
2023-05-07,0.026814,0.029719,0.025377,0.026424,12.3 m,0.026785375148329904,0.026970175378037173
2023-05-08,0.026427,0.026901,0.025154,0.025154,6.8 m,0.026632107106235287,0.0264776454956433
2023-05-09,0.02518,0.025258,0.022563,0.022864,8.2 m,0.02628711449510291,0.02599246338558445
2023-05-10,0.022924,0.023877,0.021879,0.022552,7.4 m,0.02562285666653823,0.025518599694153533
2023-05-11,0.022654,0.024082,0.022245,0.022633,5.2 m,0.025314095033870634,0.025064664634397618
2023-05-12,0.022716,0.022783,0.019198,0.020561,6.9 m,0.0251123592329041,0.02463571225995759
2023-05-13,0.020545,0.021273,0.018925,0.020888,9 m,0.024666693927300712,0.02423358008338012
2023-05-14,0.020897,0.021585,0.020079,0.020368,5.6 m,0.0242927945922779,0.023843331238202474
2023-05-15,0.020313,0.024049,0.020256,0.022242,5.6 m,0.023943953866281717,0.0234641930431851
2023-05-16,0.022197,0.0228,0.021173,0.022161,7.5 m,0.024059914707574497,0.023098843826758836
2023-05-17,0.022161,0.022161,0.019944,0.020145,4.7 m,0.024227775081027258,0.022742168060213837
2023-05-18,0.020086,0.020529,0.01874,0.019684,6.8 m,0.023875973114706704,0.02239546303136416
2023-05-19,0.019684,0.019824,0.017607,0.017653,5.7 m,0.023617405811222,0.022050662631032485
2023-05-20,0.017689,0.018081,0.01553,0.017385,8.9 m,0.023042325970678068,0.021704717175191197
2023-05-21,0.017671,0.017706,0.01604,0.016923,9.7 m,0.022267523944039674,0.02134501060732956
2023-05-22,0.016923,0.017318,0.016214,0.016632,6.1 m,0.02164874281734796,0.02096237500338419
2023-05-23,0.016632,0.016641,0.014389,0.014535,5.8 m,0.02094378747948519,0.02055110065637282
2023-05-24,0.014467,0.0149,0.012138,0.013458,10.4 m,0.020016754080021768,0.02013240521369795
2023-05-25,0.013487,0.016893,0.012014,0.016208,8.2 m,0.01897550333453001,0.019706268874850462
2023-05-26,0.016263,0.017334,0.014393,0.01627,15.1 m,0.018297070998934756,0.01928629435496122
2023-05-27,0.01627,0.018857,0.015483,0.018319,8.8 m,0.01766771137316164,0.018865892351034044
2023-05-28,0.01838,0.019703,0.018179,0.018799,10.7 m,0.017445123125079138,0.018450226392898752
2023-05-29,0.01876,0.018912,0.017259,0.017854,8.8 m,0.01733349606229508,0.01804679828487715
2023-05-30,0.017903,0.018506,0.016851,0.017091,7 m,0.01724551745229726,0.017669517100143767
2023-05-31,0.017147,0.017737,0.015521,0.016193,6.7 m,0.01704439385967633,0.01731657987253251
2023-06-01,0.016197,0.016197,0.014464,0.015809,5.8 m,0.016841960339894362,0.01699945299778045
2023-06-02,0.015804,0.01631,0.014841,0.015783,5.3 m,0.01651063031534764,0.01670564207103701
2023-06-03,0.015778,0.016424,0.015084,0.015502,4.6 m,0.01623242055272764,0.0164397917484933
2023-06-04,0.015577,0.016897,0.015239,0.016623,4.2 m,0.015959685009231075,0.016196030986384436
2023-06-05,0.016584,0.017121,0.015981,0.016093,5.6 m,0.015896184531849742,0.01597200172456291
2023-06-06,0.016088,0.016118,0.014467,0.014574,3.9 m,0.01582565071622061,0.015781296075704457
2023-06-07,0.014574,0.021243,0.013633,0.015107,5.8 m,0.015697345126125764,0.015630557318128284
2023-06-08,0.015113,0.015439,0.014482,0.015021,4.9 m,0.01563043588002677,0.015516185722126045
2023-06-09,0.015063,0.015481,0.014606,0.015361,3.5 m,0.01548484240155028,0.015444434026901011
2023-06-10,0.015444,0.016497,0.015307,0.0159,4.9 m,0.015389508093236208,0.01541305221997207
2023-06-11,0.015922,0.015999,0.01448,0.015646,6 m,0.015397234754130842,0.01543972500224019
2023-06-12,0.015536,0.015636,0.015051,0.01532,4.5 m,0.015290132986324612,0.015539205295786705
2023-06-13,0.015351,0.016644,0.015138,0.016442,4.3 m,0.01520285884283701,0.015697905761967727
2023-06-14,0.016443,0.016865,0.016082,0.016738,6 m,0.015170309543304738,0.015913484001707542
2023-06-15,0.016747,0.018231,0.016308,0.018231,5.1 m,0.015315045861791301,0.01617074395343093
2023-06-16,0.018661,0.022684,0.017865,0.022424,15 m,0.015636933593953035,0.016460757845062134
2023-06-17,0.022427,0.022427,0.020092,0.020705,13.5 m,0.016147387932203106,0.016790239945783103
2023-06-18,0.020494,0.021675,0.020164,0.021277,7.6 m,0.016614847655970925,0.017155006405660193
2023-06-19,0.021305,0.021562,0.020056,0.020086,4.9 m,0.017012940588383634,0.017537749296508878
2023-06-20,0.020079,0.021599,0.018786,0.021599,6.2 m,0.01735304075149193,0.01792867153183762
2023-06-21,0.021642,0.023077,0.020898,0.022953,7.6 m,0.01778421742994982,0.018329942477312615
2023-06-22,0.022964,0.02439,0.022526,0.023808,9.3 m,0.018325439936381655,0.01872615644459313
2023-06-23,0.023865,0.027879,0.023286,0.026868,11.6 m,0.01870579648367977,0.019125196689950306
2023-06-24,0.026716,0.028005,0.026116,0.026554,14 m,0.01901937423673028,0.019527983442018445
2023-06-25,0.02667,0.027054,0.024385,0.025237,11.7 m,0.019551689444171762,0.019940139475503584
2023-06-26,0.025183,0.026269,0.024835,0.025608,7.7 m,0.019963928858276206,0.020354790292235636
2023-06-27,0.025628,0.026033,0.024515,0.02467,6.3 m,0.020598987011176052,0.020770351784166908
2023-06-28,0.024712,0.027545,0.023935,0.027497,8.5 m,0.021285938403630706,0.02118077475810459
2023-06-29,0.027391,0.027391,0.02516,0.025337,9.9 m,0.022121183838816148,0.021571109419978245
2023-06-30,0.025284,0.026494,0.025216,0.025806,7.2 m,0.02279819053931026,0.02194022294983119
2023-07-01,0.025772,0.026884,0.025469,0.026085,6.7 m,0.02342429120019698,0.022303864150324166
2023-07-02,0.026049,0.02607,0.02525,0.02537,5.9 m,0.024016105603585643,0.022663503981318063
2023-07-03,0.02543,0.025555,0.024529,0.024702,4.9 m,0.024540142732883522,0.023016885861456456
2023-07-04,0.024724,0.024835,0.02312,0.024212,7.5 m,0.024934839086502795,0.023358492892785077
2023-07-05,0.024233,0.024691,0.023301,0.02378,7.3 m,0.025443546890245732,0.023693567473774806
2023-07-06,0.023667,0.023804,0.02117,0.022382,6.6 m,0.025875842582848876,0.024022153709174095
2023-07-07,0.021932,0.021981,0.02025,0.021247,10.1 m,0.025920882842580185,0.02434245153225552
2023-07-08,0.021205,0.023942,0.021165,0.023497,8.1 m,0.02587543771916506,0.024648638409230313
2023-07-09,0.023276,0.025845,0.023167,0.025588,7.5 m,0.025928241511893414,0.024940427969039686
2023-07-10,0.025694,0.025831,0.024867,0.025286,8 m,0.026102119649607167,0.025210950470758567
2023-07-11,0.025303,0.025355,0.023264,0.023928,7.5 m,0.026255118016964264,0.0254715562106612
2023-07-12,0.024036,0.024731,0.023835,0.024591,6.7 m,0.0261771655032535,0.025734906066608148
2023-07-13,0.024535,0.026326,0.024117,0.026251,6.6 m,0.025961837300233586,0.026018712254181016
2023-07-14,0.026202,0.027565,0.025597,0.027562,10.3 m,0.02588382305481197,0.026313745702175078
2023-07-15,0.027201,0.029794,0.026792,0.028269,14 m,0.025766802610542688,0.02661658093496774
2023-07-16,0.028326,0.028663,0.027527,0.028207,11.3 m,0.02570092644655871,0.02693482051991034
2023-07-17,0.028226,0.032937,0.028226,0.032594,10.5 m,0.02604876759587558,0.027282471259894348
2023-07-18,0.03332,0.034512,0.031307,0.033392,27 m,0.02646332148893159,0.02767393818079526
2023-07-19,0.033311,0.034934,0.030681,0.034391,18.9 m,0.026943289955130303,0.0280924927430766
2023-07-20,0.034398,0.035569,0.033086,0.035022,20.7 m,0.02723910040634814,0.02853639803607277
2023-07-21,0.035115,0.035501,0.033382,0.034364,15.6 m,0.02761539813609334,0.02901764194834537
2023-07-22,0.034283,0.034862,0.032766,0.034808,11.2 m,0.02799766665039053,0.029540005582318774
2023-07-23,0.034819,0.03919,0.034103,0.03919,12.8 m,0.028394319341938406,0.03009500909324245
2023-07-24,0.038633,0.041182,0.037404,0.040198,25 m,0.029329963481660046,0.03068814586665358
2023-07-25,0.0402,0.0402,0.035781,0.037147,21.2 m,0.030345979060756874,0.03132307414761733
2023-07-26,0.036602,0.038439,0.032856,0.035743,26.9 m,0.031064201238072034,0.031986611415732905
2023-07-27,0.035927,0.039639,0.035927,0.038313,24.2 m,0.03173163068791203,0.03267585083788
2023-07-28,0.038318,0.039102,0.03649,0.037039,18.4 m,0.03240765111398636,0.03339004434155594
2023-07-29,0.036967,0.037362,0.035223,0.036423,17.1 m,0.03334216466874877,0.03411374236243916
2023-07-30,0.036469,0.037035,0.03431,0.035909,12.9 m,0.03402164252980273,0.0348401128775138
2023-07-31,0.035823,0.037514,0.034654,0.037224,16.6 m,0.03471876172439216,0.03557934204795254
2023-08-01,0.037469,0.03926,0.037361,0.039259,17.4 m,0.03557499146538959,0.036336745718519074
2023-08-02,0.038891,0.040812,0.03752,0.040708,17.4 m,0.03652583930004208,0.03709151355379544
2023-08-03,0.040791,0.047208,0.040492,0.046687,27.3 m,0.03751394437124537,0.037843423881231505
2023-08-04,0.046432,0.048762,0.043821,0.045293,43.4 m,0.03883215528860889,0.0385897059786531
2023-08-05,0.045387,0.046958,0.044591,0.046639,29.2 m,0.04001755731504287,0.039335078542397976
2023-08-06,0.046525,0.047915,0.045341,0.047219,21.7 m,0.04102158071879456,0.040068439236554
2023-08-07,0.04742,0.051608,0.04687,0.050112,25.2 m,0.041661763200785865,0.0407759608649196
2023-08-08,0.050121,0.051435,0.046882,0.048817,30.9 m,0.04262864432883941,0.04144440614677332
2023-08-09,0.049061,0.04913,0.044348,0.046621,32.7 m,0.0437295274937281,0.04205494103748138
2023-08-10,0.046615,0.047401,0.045307,0.046604,23.9 m,0.04457228109814875,0.04260015662683644
2023-08-11,0.046495,0.046585,0.04256,0.042562,17.1 m,0.04502505125007207,0.043075339616639015
2023-08-12,0.042189,0.046998,0.041441,0.04663,24 m,0.04503097292920584,0.043489412738193595
2023-08-13,0.046674,0.046704,0.045029,0.045539,19.8 m,0.04536071734802205,0.0438315039965188
2023-08-14,0.045647,0.045845,0.042153,0.04298,13.4 m,0.045601727882588886,0.044095410208985636
2023-08-15,0.042789,0.043923,0.039905,0.041468,18.9 m,0.04555307556172291,0.04427697512933376
2023-08-16,0.041196,0.042867,0.037903,0.041228,25.7 m,0.04510013737665878,0.04437706179278945
2023-08-17,0.042196,0.042293,0.038587,0.038593,22.7 m,0.045014112464833056,0.04440418134059819
2023-08-18,0.038525,0.040278,0.036295,0.037331,16.3 m,0.04469644126870417,0.04434787764601263
2023-08-19,0.037529,0.039701,0.036025,0.039651,21.8 m,0.0443028877045294,0.044228558427193414
2023-08-20,0.039744,0.042665,0.039744,0.041462,23 m,0.044118832314063654,0.0440515062432891
2023-08-21,0.041565,0.042472,0.040532,0.041666,14.9 m,0.0439075519227982,0.043804629221496985
2023-08-22,0.042065,0.044263,0.041241,0.041695,15.1 m,0.043598405528105295,0.04349585568965456
2023-08-23,0.04178,0.042871,0.039011,0.040497,17.9 m,0.04368156430261304,0.043134628678787
2023-08-24,0.04092,0.041377,0.038308,0.040392,20.3 m,0.04383271718758444,0.042741601709428784
2023-08-25,0.040432,0.040704,0.038008,0.038667,14 m,0.043697861850058556,0.04231535570028553
2023-08-26,0.038699,0.038948,0.036582,0.03764,13.1 m,0.04319630095791912,0.041851964147311564
2023-08-27,0.037616,0.037679,0.035095,0.035653,9.8 m,0.04284246605582694,0.04135580498389553
2023-08-28,0.035639,0.037259,0.033931,0.036184,12.7 m,0.04217599813689657,0.04084237675992945
2023-08-29,0.035948,0.036597,0.033968,0.034416,9.6 m,0.04144012152944082,0.040329530518546444
2023-08-30,0.034403,0.036844,0.032195,0.035351,14.2 m,0.040394405887228535,0.039832206264737574
2023-08-31,0.035255,0.036588,0.033664,0.033891,18.7 m,0.03942950372357357,0.039361926375274664
2023-09-01,0.033933,0.035157,0.032888,0.033691,10.7 m,0.03841459037724058,0.03891904175398608
2023-09-02,0.033659,0.034574,0.033318,0.034512,9.1 m,0.0373884296262477,0.03850822253835428
2023-09-03,0.034829,0.035832,0.034693,0.03575,8.9 m,0.0368700536569958,0.03814422807945518
2023-09-04,0.035777,0.035844,0.034434,0.03461,7.4 m,0.0363596167144685,0.037847149343149665
2023-09-05,0.034538,0.034538,0.033101,0.033377,7.1 m,0.03586222832009209,0.03761234043222343
2023-09-06,0.033397,0.034896,0.033041,0.034731,7.4 m,0.035324750070149666,0.03743987436785419
2023-09-07,0.034721,0.040453,0.034721,0.03839,16.3 m,0.03515660545738541,0.037320909106867466
2023-09-08,0.038414,0.041722,0.038291,0.039139,23.9 m,0.035280445615746975,0.03726213442393676
2023-09-09,0.039114,0.039694,0.03716,0.038995,17 m,0.03539626165792467,0.03726523191710306
2023-09-10,0.038937,0.039831,0.038294,0.039208,9.6 m,0.03559750992515943,0.03732918113768197
2023-09-11,0.039171,0.040757,0.03872,0.040349,9.4 m,0.03554385932265444,0.03745307183218103
2023-09-12,0.040357,0.040713,0.038674,0.039472,12 m,0.03590734047031949,0.03764780597217077
2023-09-13,0.039553,0.042977,0.039553,0.042596,17.2 m,0.03626148516473374,0.037891179979695815
2023-09-14,0.042496,0.049741,0.041983,0.049524,21.2 m,0.0367358447926265,0.03818106214925844
2023-09-15,0.049424,0.050343,0.046449,0.047113,28.2 m,0.03757062002841002,0.03852540230167803
2023-09-16,0.047009,0.048941,0.046954,0.048785,15.9 m,0.03832736636429822,0.03892974845027485
2023-09-17,0.048782,0.050022,0.047201,0.047973,13.1 m,0.038992786831868013,0.03939279452969632
2023-09-18,0.048192,0.048192,0.044801,0.045409,15.7 m,0.039432261261832996,0.039924482119787094
2023-09-19,0.045664,0.049671,0.045664,0.048478,15.9 m,0.03986081810042275,0.04051843681876344
2023-09-20,0.048747,0.052397,0.048079,0.052271,17.4 m,0.04064885884046297,0.04114834852537603
2023-09-21,0.052754,0.053842,0.049011,0.049144,22.4 m,0.04173776745712224,0.04180389630502097
2023-09-22,0.049137,0.05004,0.045561,0.045671,21.1 m,0.04272934234429335,0.0424773901520883
2023-09-23,0.045869,0.047544,0.043692,0.046707,18.7 m,0.04346453301874596,0.04315098918191104
2023-09-24,0.046919,0.047404,0.044981,0.045494,13.6 m,0.04436360950456997,0.043819479760501406
2023-09-25,0.045593,0.048778,0.045376,0.047833,9.8 m,0.04510226321031979,0.04446252795423977
2023-09-26,0.047937,0.048751,0.045755,0.047109,13.9 m,0.04598100389785332,0.04506635215549339
2023-09-27,0.047028,0.047495,0.045222,0.047058,11.5 m,0.046607765293495265,0.04562151966322401
2023-09-28,0.04694,0.048042,0.046322,0.046587,11.6 m,0.0473106370970734,0.04612780396468471
2023-09-29,0.046749,0.047538,0.046565,0.047459,8.6 m,0.04774457006800109,0.04659167239379678
2023-09-30,0.047476,0.048675,0.04729,0.047857,8.5 m,0.048337479232785016,0.047011086609879675
2023-10-01,0.047756,0.048968,0.047751,0.048876,8.5 m,0.04873238830598939,0.04737634456066005
2023-10-02,0.048908,0.051625,0.048784,0.051598,11.8 m,0.049067783800448975,0.047688690460670126
2023-10-03,0.051703,0.051732,0.049497,0.05001,14.9 m,0.04958575688757793,0.04795506367874043
2023-10-04,0.049955,0.051022,0.049616,0.050374,12.3 m,0.050080514420581375,0.0481821149671446
2023-10-05,0.050318,0.05052,0.049128,0.049134,9.4 m,0.0503825655205006,0.04836650643837063
2023-10-06,0.049237,0.049237,0.047079,0.048366,11.6 m,0.05024071823508145,0.04850757681141339
2023-10-07,0.048336,0.050593,0.048107,0.050403,10.6 m,0.04996338255474724,0.04859802505523535
2023-10-08,0.05035,0.051122,0.049058,0.04924,11.7 m,0.050116854934288205,0.04864408324730807
2023-10-09,0.04921,0.05004,0.048008,0.048645,9.9 m,0.05017632234993466,0.048645909145968384
2023-10-10,0.048586,0.048586,0.045029,0.045492,11.8 m,0.05006987899423202,0.04860871429553257
2023-10-11,0.045503,0.046255,0.041513,0.042209,18.6 m,0.04960843065273521,0.04854604315895548
2023-10-12,0.042206,0.044137,0.041123,0.043572,21.8 m,0.04888257807160446,0.0484492008737588
2023-10-13,0.044048,0.04498,0.042422,0.043601,14.1 m,0.04799151411657581,0.04830658932703633
2023-10-14,0.043671,0.044016,0.042022,0.042022,10.8 m,0.04721066080546804,0.0481197222339441
2023-10-15,0.042039,0.043323,0.041773,0.042173,9.9 m,0.04690424103927392,0.04788700622700554
2023-10-16,0.042281,0.043074,0.042168,0.042942,6.7 m,0.04641611578824563,0.047619381421229116
2023-10-17,0.042974,0.046175,0.042832,0.044954,11.1 m,0.04615446488638439,0.047331496498586215
2023-10-18,0.04486,0.047987,0.044446,0.047505,14.5 m,0.04602054400302128,0.04703333642414186
2023-10-19,0.047495,0.047698,0.045383,0.046677,13.9 m,0.045791647176121546,0.04673603073740303
2023-10-20,0.046536,0.046908,0.045349,0.045815,11.3 m,0.045702895497528435,0.0464671568913414
2023-10-21,0.045877,0.0495,0.045817,0.048765,12.9 m,0.045938730740946454,0.04624844825076738
2023-10-22,0.048756,0.05109,0.048756,0.049738,15.4 m,0.04625439079804802,0.04608180401122611
2023-10-23,0.04985,0.05062,0.048632,0.050046,13.5 m,0.04634657949650387,0.04593109195640209
2023-10-24,0.049979,0.051663,0.049657,0.051399,10.7 m,0.046535170682444095,0.04579606458549588
2023-10-25,0.051295,0.053012,0.050519,0.051739,19.6 m,0.04665624924929337,0.045676157391132385
2023-10-26,0.051759,0.052027,0.049095,0.04939,15 m,0.04698545338338239,0.045602990298955086
2023-10-27,0.049452,0.0503,0.048565,0.049582,14.9 m,0.04708811104833452,0.04557512282526009
2023-10-28,0.049602,0.051097,0.049247,0.050602,9.9 m,0.04718535832327746,0.04562715255405969
2023-10-29,0.050544,0.051103,0.050481,0.051009,9 m,0.04727056460804075,0.045807223647031124
2023-10-30,0.050984,0.052874,0.050892,0.052432,8.3 m,0.047414688867789635,0.046101336031571426
2023-10-31,0.052413,0.052808,0.050465,0.051163,10.3 m,0.047641762884378,0.04652278042181308
2023-11-01,0.051267,0.051583,0.049234,0.050221,13.7 m,0.04782321835459127,0.04706483245852193
2023-11-02,0.050233,0.052009,0.050224,0.051987,11.9 m,0.048201588958432504,0.04774542613002314
2023-11-03,0.051938,0.052081,0.050271,0.050937,11.7 m,0.04861899389419389,0.04860244466009329
2023-11-04,0.050988,0.052091,0.050322,0.052091,10.7 m,0.04904925016344932,0.049652705327960005
2023-11-05,0.052191,0.059992,0.052191,0.059226,22.6 m,0.049501039800019776,0.05088671985430876
2023-11-06,0.059359,0.066164,0.057506,0.06447,48.2 m,0.050361826011878656,0.05232233691436202
2023-11-07,0.064496,0.068268,0.061774,0.064414,59.2 m,0.05179530267640035,0.053971366780238214
2023-11-08,0.064335,0.069882,0.063713,0.068318,30.4 m,0.05324326558242048,0.055806408981069505
2023-11-09,0.068016,0.079099,0.068016,0.078275,50.4 m,0.055029586468827475,0.05785385143016698
2023-11-10,0.078412,0.092814,0.076812,0.091901,118.6 m,0.05719391114916179,0.060133591406214985
2023-11-11,0.093736,0.099242,0.088466,0.091243,134 m,0.05967389903544338,0.06259915996083287
2023-11-12,0.091036,0.092271,0.084048,0.088444,61.4 m,0.0622819451725019,0.06524862485840782
2023-11-13,0.088622,0.091259,0.085996,0.087674,43.5 m,0.06477445855854322,0.06810336157353936
2023-11-14,0.087677,0.089613,0.079202,0.081037,41.6 m,0.06694976863238482,0.0711722849594004
2023-11-15,0.080541,0.091019,0.079992,0.089921,48.5 m,0.06858854440362028,0.07440262836324621
2023-11-16,0.089547,0.118161,0.089366,0.116593,94.8 m,0.0706422849635536,0.07774279374901408
2023-11-17,0.116888,0.144878,0.111949,0.125337,219.8 m,0.07417203637286039,0.0811836144411765
2023-11-18,0.126649,0.142016,0.113183,0.138364,248.9 m,0.07847058791908933,0.08474183120799965
2023-11-19,0.135142,0.14668,0.127803,0.139705,293.3 m,0.08328260410184818,0.08840689216179094
2023-11-20,0.137583,0.153194,0.134119,0.143863,263.4 m,0.08793632396660288,0.09218030548371596
2023-11-21,0.144522,0.146,0.128917,0.130289,214.5 m,0.09320412524223015,0.09603076329594094
2023-11-22,0.128933,0.132505,0.115321,0.115529,169 m,0.09795037983575597,0.0998786303245283
2023-11-23,0.118797,0.134907,0.118797,0.128683,194.5 m,0.10179760955964108,0.1036788725987336
2023-11-24,0.127742,0.131004,0.124186,0.125973,126 m,0.10664473378818938,0.10740033017890437
2023-11-25,0.126818,0.142761,0.125974,0.139473,106.5 m,0.11143573812859212,0.11100569213239878
2023-11-26,0.139801,0.142069,0.134005,0.137386,122.2 m,0.11652423614043228,0.11445781568698944
2023-11-27,0.137605,0.139006,0.127791,0.130567,74.4 m,0.1212835753193587,0.11773848632319682
2023-11-28,0.130575,0.132274,0.122357,0.128189,85.4 m,0.125510336991196,0.12087617940871487
2023-11-29,0.128718,0.135117,0.123379,0.132444,89.3 m,0.12930005588971683,0.12382430950936801
2023-11-30,0.132716,0.13483,0.127759,0.129006,84.9 m,0.1334059184144029,0.12656470050454344
2023-12-01,0.129006,0.131393,0.127319,0.128676,57 m,0.13656831001801856,0.12906288848972172
2023-12-02,0.128418,0.141591,0.128406,0.137964,71.1 m,0.13881179649197048,0.13129985754656187
2023-12-03,0.138229,0.141058,0.135364,0.137464,103 m,0.14144728158051587,0.13329942514449156
2023-12-04,0.137739,0.142889,0.137383,0.140406,81.3 m,0.14280979146590272,0.1350496147043349
2023-12-05,0.140421,0.150172,0.13812,0.145745,160.3 m,0.14331583924752686,0.13652404998389012
2023-12-06,0.145666,0.14682,0.138345,0.14006,169.2 m,0.14456876306240807,0.13772178833466245
2023-12-07,0.14014,0.141687,0.135263,0.137167,87.4 m,0.14550101359903178,0.13865786550540793
2023-12-08,0.136884,0.139117,0.126497,0.126869,77.7 m,0.1450868468296315,0.13932811904768286
2023-12-09,0.127903,0.135035,0.125942,0.130823,93.8 m,0.1432611853258309,0.1397188342009526
2023-12-10,0.131376,0.133643,0.126124,0.128403,75.9 m,0.14231267935215766,0.1398153692748557
2023-12-11,0.128145,0.131104,0.123991,0.129355,62.8 m,0.14264979160948466,0.13960609798764625
2023-12-12,0.129454,0.129454,0.115137,0.119103,86.4 m,0.14273003300817977,0.139084800407028
2023-12-13,0.119334,0.126031,0.115846,0.119009,83.2 m,0.14117534477823784,0.1383143520833258
2023-12-14,0.119251,0.131949,0.117999,0.127174,108.5 m,0.13901060741222576,0.13735535396688697
2023-12-15,0.128304,0.130746,0.1252,0.128903,111.8 m,0.13549224173718952,0.13622979089573486
2023-12-16,0.128704,0.129032,0.117027,0.117513,76.1 m,0.13191041606873158,0.1349383113150235
2023-12-17,0.118104,0.124989,0.116756,0.118411,68.7 m,0.12961512236763487,0.13352065094847637
2023-12-18,0.118516,0.119451,0.104389,0.106831,96.9 m,0.127826691084806,0.13199127350613046
2023-12-19,0.106262,0.108842,0.095602,0.108775,172.2 m,0.1261409675138365,0.13034421416550607
2023-12-20,0.109392,0.114687,0.105574,0.106918,162.9 m,0.12490993446188399,0.12862959211597066
2023-12-21,0.106679,0.117583,0.104833,0.114119,143.5 m,0.12427958436499471,0.12686515975527046
2023-12-22,0.113877,0.115595,0.10896,0.113052,184.6 m,0.1235384001400069,0.12511554523677373
2023-12-23,0.112669,0.115663,0.106311,0.110165,134.8 m,0.12120261038574907,0.1233977655337643
2023-12-24,0.110453,0.114848,0.105627,0.113211,118.4 m,0.11961801651989659,0.12174873803656827
2023-12-25,0.112297,0.113447,0.103118,0.10493,130.4 m,0.11787459986810661,0.1201782106709734
2023-12-26,0.104853,0.109754,0.103364,0.109477,137.5 m,0.11658122724238994,0.11874646141508091
2023-12-27,0.109611,0.112766,0.099568,0.104878,143.6 m,0.11574653007706126,0.11742337811250397
2023-12-28,0.105856,0.10642,0.102175,0.106053,125.8 m,0.11416422087620123,0.11620880148012008
2023-12-29,0.107055,0.113653,0.104009,0.11245,127.4 m,0.11248653950429736,0.11513840469322202
2023-12-30,0.112705,0.127942,0.109375,0.119426,415.8 m,0.11165721190695481,0.11418760413804258
2023-12-31,0.120461,0.125575,0.112355,0.117678,322.4 m,0.11104922568021895,0.113360154199288
2024-01-01,0.119217,0.119217,0.110264,0.11156,130 m,0.11014040096388773,0.1126665523582578
2024-01-02,0.112489,0.116843,0.109491,0.116843,93.2 m,0.10945521645355943,0.1121241161933618
2024-01-03,0.117191,0.123368,0.113951,0.116605,125.4 m,0.10916013619335066,0.11168604416454173
2024-01-04,0.116485,0.12032,0.092384,0.106309,177.6 m,0.10912779974160339,0.11129287998869013
2024-01-05,0.105506,0.118365,0.102821,0.117016,185.9 m,0.10898507731053028,0.11095560934636359
2024-01-06,0.118403,0.118836,0.106158,0.110513,174.7 m,0.10956169729123096,0.11071122303019011
2024-01-07,0.110254,0.110965,0.104068,0.107546,133 m,0.10981333994943536,0.11058301614381462
2024-01-08,0.108238,0.113146,0.104736,0.106271,106.8 m,0.10924229901112793,0.11051882907739613
2024-01-09,0.106294,0.115561,0.098527,0.113835,108.4 m,0.10901731026251871,0.11048662878825816
2024-01-10,0.114877,0.116865,0.108986,0.111126,144.1 m,0.10935116054275773,0.11045861374939347
2024-01-11,0.111877,0.123012,0.110309,0.119845,132.6 m,0.10983989182087868,0.11039005955642853
2024-01-12,0.11941,0.128784,0.114801,0.123232,168.8 m,0.11025776127833962,0.11032085737665756
2024-01-13,0.123864,0.125593,0.110987,0.115427,157.4 m,0.11082071081894704,0.11026634292476488
2024-01-14,0.11543,0.116732,0.11261,0.114342,106.5 m,0.11159837264240942,0.11021904651454364
2024-01-15,0.114155,0.117607,0.112601,0.112601,176.7 m,0.11281882858720668,0.11014795598171619
2024-01-16,0.113302,0.114599,0.108969,0.110344,271.2 m,0.11326678161440952,0.11006981994039121
2024-01-17,0.110324,0.114073,0.10983,0.112571,268.5 m,0.1139035619518249,0.10995074340601564
2024-01-18,0.112611,0.112911,0.110146,0.112123,231.3 m,0.11373917420436719,0.10973477244076568
2024-01-19,0.112229,0.112229,0.101733,0.104005,118.6 m,0.11365799019361707,0.10945755470454628
2024-01-20,0.104284,0.106413,0.095636,0.106363,128.2 m,0.11263572295768953,0.10911628340968438
2024-01-21,0.106403,0.106775,0.101412,0.102878,121.3 m,0.11244112022641503,0.10874382148885024
2024-01-22,0.103111,0.105013,0.102429,0.102492,100.8 m,0.11198302855839923,0.10835814646399851
2024-01-23,0.102511,0.102915,0.097707,0.098106,100.8 m,0.11127797971039008,0.1079396138029356
2024-01-24,0.098297,0.099834,0.093406,0.097976,102.5 m,0.1106219688798359,0.10746911727197622
2024-01-25,0.098009,0.103078,0.096555,0.100521,92.8 m,0.10920973856285862,0.10697405532986153
2024-01-26,0.099657,0.10043,0.09623,0.09873,75 m,0.1084057656965823,0.10646644269607257
2024-01-27,0.098687,0.105557,0.097895,0.104534,88.2 m,0.1069663125880918,0.10592804465638538
2024-01-28,0.104321,0.106552,0.103322,0.106445,95.3 m,0.10586319313724817,0.1053866552869966
2024-01-29,0.106803,0.109858,0.103405,0.104265,95.6 m,0.10527913408499866,0.10489906339535271
2024-01-30,0.104052,0.108011,0.101425,0.107345,92 m,0.10515047003558571,0.1044994036551886
2024-01-31,0.10719,0.10797,0.10344,0.103468,92.7 m,0.10527993262061582,0.10420250039893447
2024-02-01,0.10388,0.10388,0.099285,0.099285,93.3 m,0.10464122976786368,0.10404060205727772
2024-02-02,0.099294,0.101921,0.097502,0.101179,91.4 m,0.10417403259360573,0.10399840157064305
2024-02-03,0.101379,0.103139,0.100696,0.102392,97.7 m,0.10404329701048992,0.10405693541890797
2024-02-04,0.102279,0.102952,0.101391,0.101927,103.7 m,0.10310873065153861,0.10424764195883506
2024-02-05,0.101862,0.102465,0.100134,0.100944,112.8 m,0.10308578327242791,0.10457084009922606
2024-02-06,0.100929,0.101684,0.09922,0.100009,107.6 m,0.10259421455084455,0.1050659063518692
2024-02-07,0.099984,0.105548,0.099428,0.104509,106.9 m,0.10176916182699071,0.10575976761149246
2024-02-08,0.10493,0.120998,0.103276,0.117285,146.5 m,0.10100439038110338,0.10666967025510678
2024-02-09,0.116684,0.12988,0.116684,0.125461,358.8 m,0.10163954046194842,0.10781667146735752
2024-02-10,0.126499,0.13883,0.125122,0.137315,298 m,0.10244552092270724,0.10924065364232201
2024-02-11,0.137361,0.14257,0.133116,0.139029,231.3 m,0.10461285547609692,0.11095255843770825
2024-02-12,0.140547,0.148215,0.13521,0.142096,214.9 m,0.10741059280923099,0.11297677822614108
2024-02-13,0.142086,0.147111,0.135227,0.144582,199.5 m,0.1100015865943554,0.11525218750442724
2024-02-14,0.145112,0.14512,0.135722,0.137598,174.2 m,0.11280468730207545,0.11775760220622208
2024-02-15,0.137252,0.142417,0.136273,0.141828,146.1 m,0.11519457878086338,0.12043314654401162
2024-02-16,0.142418,0.144242,0.13827,0.138988,136 m,0.11771725406848317,0.12324936879934861
2024-02-17,0.139025,0.147884,0.138678,0.147555,130.8 m,0.12041695385460598,0.12616538630593196
2024-02-18,0.150789,0.169314,0.149958,0.16419,533.9 m,0.12390700296357389,0.12916027186336923
2024-02-19,0.163271,0.166229,0.159191,0.163107,350.7 m,0.1276966514218546,0.13221017251237452
2024-02-20,0.16328,0.183574,0.162689,0.183459,214.1 m,0.13181010011428718,0.13529732741691894
2024-02-21,0.183328,0.189456,0.16826,0.179763,369.1 m,0.13682561403127014,0.13841946719652443
2024-02-22,0.180554,0.180554,0.16534,0.172457,287.5 m,0.14173339162195958,0.14156921472577458
2024-02-23,0.172039,0.174825,0.166908,0.168634,208.3 m,0.1456250549318451,0.14468331175130505
2024-02-24,0.168281,0.171158,0.161007,0.162279,154 m,0.14902475750148295,0.1477275925364345
2024-02-25,0.161099,0.17108,0.159243,0.170117,133.1 m,0.15212451703845756,0.15072593041227514
2024-02-26,0.17009,0.175139,0.169463,0.171083,120.9 m,0.15516330131144762,0.15357635699810074
2024-02-27,0.170477,0.171778,0.160591,0.170374,140.9 m,0.15877747748000517,0.1562083548340247
2024-02-28,0.170967,0.174735,0.166732,0.169121,166.4 m,0.1625243939961815,0.15862513608865406
2024-02-29,0.169098,0.185482,0.155092,0.175288,205.7 m,0.16574771866988341,0.16084089048882255
2024-03-01,0.173682,0.182941,0.169395,0.171612,329.8 m,0.16980683477421635,0.16280968296578874
2024-03-02,0.171921,0.17625,0.170607,0.173711,176.7 m,0.17301463351016286,0.16453094789100814
2024-03-03,0.173776,0.174443,0.166851,0.170737,146.3 m,0.17538966778691656,0.1659904258421875
2024-03-04,0.170353,0.170353,0.162511,0.167246,157.4 m,0.17734554448498038,0.16716552341932903
2024-03-05,0.166931,0.171549,0.156174,0.161526,188.6 m,0.17875265586506994,0.16802570064388486
2024-03-06,0.161728,0.167766,0.134202,0.152794,233.4 m,0.17910402311776738,0.16858678689571754
2024-03-07,0.152614,0.157015,0.145862,0.149625,337.4 m,0.17788179177252908,0.16885865760977115
2024-03-08,0.150148,0.164633,0.146832,0.160612,233.7 m,0.17525626276506331,0.16885419211035288
2024-03-09,0.160581,0.163198,0.148277,0.15008,245.8 m,0.17299765585966442,0.16860756596364435
2024-03-10,0.150205,0.151172,0.142551,0.148195,217.2 m,0.1706062865726724,0.16812741931592143
2024-03-11,0.1481,0.152784,0.144716,0.148205,205.6 m,0.16829721489878693,0.16742918558689404
2024-03-12,0.149207,0.158863,0.14429,0.154261,218 m,0.16690527373720673,0.1665164481093762
2024-03-13,0.155106,0.159156,0.144374,0.149401,234 m,0.16592036143469305,0.16540575798621365
2024-03-14,0.149213,0.151221,0.144385,0.14804,217.7 m,0.16464903748618523,0.16405947186089195
2024-03-15,0.148008,0.149396,0.139855,0.146476,193.6 m,0.16345047889619915,0.16253888534674507
2024-03-16,0.146929,0.14742,0.125849,0.140106,307.1 m,0.16114713524019575,0.16086962357423235
2024-03-17,0.140911,0.14442,0.127059,0.129326,207.8 m,0.15842182046242134,0.1590994928829511
2024-03-18,0.130183,0.142831,0.125959,0.139508,175.5 m,0.1540095937684138,0.15725149859143375
2024-03-19,0.139163,0.139163,0.128399,0.132205,146.9 m,0.15071256344382053,0.1553549471138938
2024-03-20,0.132323,0.133466,0.116331,0.118931,200.8 m,0.14799429727172425,0.15344453357575408
2024-03-21,0.118504,0.134817,0.117078,0.133595,216 m,0.1438546382337318,0.15154445901245872
2024-03-22,0.133139,0.154333,0.132985,0.147708,270.2 m,0.1426024938090931,0.14966167449786558
2024-03-23,0.148216,0.157515,0.142984,0.145969,304.5 m,0.14250215305288866,0.14784343432360766
2024-03-24,0.145915,0.146081,0.13863,0.13863,182.8 m,0.1420077181138284,0.14610170273700102
2024-03-25,0.139371,0.149086,0.139371,0.147996,126.2 m,0.1408597638234431,0.14447081507561832
2024-03-26,0.1478,0.152083,0.145206,0.145622,142.2 m,0.13986782562470088,0.14299736152315903
2024-03-27,0.145712,0.149639,0.136495,0.136652,146.5 m,0.1392760992310798,0.1417068726755306
2024-03-28,0.135735,0.139153,0.130474,0.132992,246.4 m,0.13820843501612284,0.14054813449760972
2024-03-29,0.132997,0.140434,0.132441,0.139583,175 m,0.13694222811901224,0.13952187353625595
2024-03-30,0.139762,0.141434,0.13464,0.137633,127.1 m,0.1361433427826237,0.13862973234219664
2024-03-31,0.137754,0.138939,0.131732,0.132836,125.6 m,0.13581581323680322,0.13784653578710626
2024-04-01,0.132626,0.139484,0.132626,0.139484,99.4 m,0.13510150495373588,0.13716898748062722
2024-04-02,0.140628,0.142293,0.131293,0.133923,138.5 m,0.13530242199610445,0.1365844287058587
2024-04-03,0.133987,0.134146,0.122962,0.129246,156.3 m,0.1352399868260409,0.13605520555730144
2024-04-04,0.129362,0.133777,0.126145,0.129382,138.1 m,0.1349580825031562,0.13558956384662943
2024-04-05,0.128698,0.13448,0.127128,0.131714,108 m,0.13464336169493418,0.13515814891704156
2024-04-06,0.131969,0.136256,0.127865,0.132088,121.9 m,0.13404517759031365,0.13477271145827385
2024-04-07,0.131586,0.147602,0.131383,0.143303,111 m,0.13321542748502835,0.13444183553217143
2024-04-08,0.143283,0.144298,0.140188,0.142397,155.2 m,0.13424958281464786,0.13418553662729857
2024-04-09,0.14185,0.149546,0.139373,0.145884,120.9 m,0.13463633730482868,0.13400461470802646
2024-04-10,0.146182,0.149569,0.136885,0.138179,132.8 m,0.13517504278020315,0.1338870291597366
2024-04-11,0.13779,0.145898,0.134014,0.14426,129.5 m,0.13518798497980264,0.1337922006783756
2024-04-12,0.144206,0.147827,0.141823,0.147801,141 m,0.13630096489815977,0.13370412452711755
2024-04-13,0.147188,0.150592,0.107304,0.129968,162.9 m,0.1375159795574177,0.13352684484593477
2024-04-14,0.12916,0.131234,0.104444,0.120273,265.2 m,0.13755554482574514,0.13327078974040119
2024-04-15,0.1202,0.128224,0.1132,0.124108,278 m,0.1370089800391269,0.13291820649527536
2024-04-16,0.124077,0.135104,0.116659,0.122362,168.1 m,0.1365573187132228,0.13241837987237437
2024-04-17,0.121614,0.123326,0.111691,0.119069,162.4 m,0.13496403468580123,0.13183412945536346
2024-04-18,0.119394,0.123918,0.115251,0.120648,131.6 m,0.13410695089364266,0.13118884546331863
2024-04-19,0.121175,0.122404,0.115558,0.121063,149.4 m,0.13293000693209103,0.13050670701569936
2024-04-20,0.121162,0.121371,0.11261,0.115371,187.1 m,0.13017578144447167,0.12980579379438054
2024-04-21,0.115129,0.123064,0.113737,0.121181,125.5 m,0.12788431694598576,0.12908709873691135
2024-04-22,0.121084,0.12353,0.116739,0.118847,113.8 m,0.12721937423343924,0.12834673748618422
2024-04-23,0.118901,0.132217,0.117651,0.128909,115.1 m,0.1264546174225369,0.12758386238619432
2024-04-24,0.128853,0.134282,0.1263,0.131221,150.4 m,0.1258834318618595,0.12678447275547927
2024-04-25,0.131281,0.132256,0.123548,0.125128,135.7 m,0.1263274596827222,0.1259563380199083
2024-04-26,0.125766,0.126282,0.117376,0.120426,169.1 m,0.12645775871928408,0.12513855137518073
2024-04-27,0.120856,0.122789,0.118551,0.121175,111.9 m,0.12570058976822335,0.12429722412364709
2024-04-28,0.121417,0.121417,0.110256,0.110704,130.9 m,0.12466393804822311,0.12346889081732326
2024-04-29,0.110208,0.124142,0.110208,0.118096,163.3 m,0.12340032063955252,0.12262500509028909
2024-04-30,0.119052,0.120732,0.11179,0.115101,169 m,0.12273517425738707,0.1217632053296293
2024-05-01,0.115091,0.116469,0.107236,0.111933,120.4 m,0.12147333256120264,0.12090418274974332
2024-05-02,0.111721,0.113297,0.103391,0.110725,130.7 m,0.12062908604420199,0.12003979198739946
2024-05-03,0.110922,0.110922,0.107767,0.109327,114.8 m,0.11943732975814332,0.1191680867066863
2024-05-04,0.108976,0.114549,0.106083,0.114014,104.3 m,0.11779030742977456,0.11837971819023137
2024-05-05,0.113876,0.11582,0.111288,0.113026,122.9 m,0.11644950731466505,0.1176551844858172
2024-05-06,0.112907,0.113071,0.10966,0.110527,116.9 m,0.11513682072948966,0.11702146894876995
2024-05-07,0.110638,0.115553,0.10964,0.112405,115 m,0.11351866465832447,0.11648033968454688
2024-05-08,0.112553,0.117735,0.111829,0.11448,114.5 m,0.11289016063120097,0.11608257838196774
2024-05-09,0.114179,0.125913,0.112062,0.12028,139.8 m,0.11248381950300217,0.11585348702216512
2024-05-10,0.120626,0.126509,0.12059,0.125889,226.5 m,0.11297025375436433,0.11573908798531106
2024-05-11,0.125737,0.13462,0.122569,0.125501,182.2 m,0.11344489987207328,0.11570006234097806
2024-05-12,0.125998,0.13055,0.123775,0.124239,165.4 m,0.11453870474949285,0.1157472446123859
2024-05-13,0.124283,0.127619,0.12275,0.125169,145.9 m,0.1163602626656844,0.11586301873287873
2024-05-14,0.125707,0.126024,0.116601,0.11927,153.1 m,0.1173900659551625,0.11608876980555687
2024-05-15,0.118541,0.119524,0.11483,0.115255,125.9 m,0.11727132280255449,0.11642645037473408
2024-05-16,0.115586,0.125438,0.114993,0.124189,116.5 m,0.11723106467505237,0.11682203077104014
2024-05-17,0.124418,0.126366,0.120451,0.122875,120.8 m,0.117792295596338,0.11725874030052376
2024-05-18,0.123166,0.12729,0.12279,0.124796,107.5 m,0.11798228317878633,0.11780235266031759
2024-05-19,0.124747,0.127158,0.123997,0.127158,108.8 m,0.11843796420069788,0.11844361864773102
2024-05-20,0.127152,0.127505,0.124287,0.125008,107.5 m,0.119152219467248,0.1191984225873967
2024-05-21,0.12494,0.132432,0.123997,0.131481,104.1 m,0.11909854548611075,0.12013246825156924
2024-05-22,0.131221,0.137437,0.129157,0.135504,148.6 m,0.11990595782951594,0.12122245569737287
2024-05-23,0.13522,0.143849,0.13275,0.138816,163.8 m,0.1206048842123552,0.12247006931716117
2024-05-24,0.139055,0.144235,0.132483,0.136181,166.1 m,0.12237513027570923,0.1238428175549743
2024-05-25,0.135597,0.136779,0.131468,0.134522,142.5 m,0.12444668827290965,0.12533623134257932
2024-05-26,0.13467,0.143536,0.133389,0.143502,108.7 m,0.1261789765543032,0.12699159699914175
2024-05-27,0.143666,0.144581,0.13941,0.141352,126.9 m,0.12825148356124008,0.1287563653161194
2024-05-28,0.141065,0.146002,0.139431,0.145483,116.5 m,0.13048423471577866,0.13061102978742267
2024-05-29,0.145671,0.146112,0.140617,0.141841,122 m,0.1319093008328004,0.1325203307922783
2024-05-30,0.141766,0.143512,0.139615,0.140193,118.8 m,0.13383187152118584,0.13444455794560484
2024-05-31,0.140605,0.143711,0.136187,0.141616,175.1 m,0.1354339288455311,0.13638849515640086
2024-06-01,0.141915,0.14261,0.138669,0.140954,281.4 m,0.13679183507957735,0.1383070421689451
2024-06-02,0.140936,0.142251,0.14061,0.141323,265.4 m,0.13786549050190627,0.14016632887947983
2024-06-03,0.141155,0.151,0.141155,0.15059,268 m,0.13857426608158718,0.14194406446154342
2024-06-04,0.150689,0.17883,0.147401,0.171139,371.1 m,0.1402872708322268,0.1436447435592421
2024-06-05,0.173103,0.18287,0.168297,0.182519,667.4 m,0.14311994177809576,0.14530776721799984
2024-06-06,0.183063,0.194337,0.17711,0.180407,541 m,0.14610509651637213,0.1469120943349312
2024-06-07,0.180841,0.185857,0.174156,0.174674,452.2 m,0.14883058516879977,0.14849138626660585
2024-06-08,0.175039,0.180302,0.155158,0.165088,394 m,0.1510258342756761,0.15010563968754867
2024-06-09,0.166174,0.172027,0.158692,0.159189,418.7 m,0.15290485935204454,0.15172399843630113
2024-06-10,0.158479,0.172052,0.158243,0.171533,347.9 m,0.1548753369533293,0.15326757536422198
2024-06-11,0.172344,0.172402,0.163213,0.164729,361.2 m,0.15765854336124757,0.15471546024438412
2024-06-12,0.165265,0.16861,0.157777,0.166359,362.3 m,0.15980515252743357,0.1560841005965347
2024-06-13,0.166397,0.182765,0.163598,0.172943,393.7 m,0.16222172448067668,0.15734706781254876
2024-06-14,0.173034,0.176077,0.165031,0.169306,405.9 m,0.16433154915635143,0.15854660545208513
2024-06-15,0.170294,0.17194,0.161595,0.165485,334.5 m,0.16521678736016945,0.15968506717052353
2024-06-16,0.166554,0.169359,0.15328,0.156059,349.8 m,0.16655252968576045,0.1606901947332899
2024-06-17,0.155994,0.163837,0.15306,0.162719,343.9 m,0.16672208315878273,0.16160131409475706
2024-06-18,0.163949,0.164963,0.152949,0.155473,331.7 m,0.1672951000509472,0.1624153269451225
2024-06-19,0.155191,0.155191,0.139906,0.145773,408 m,0.1672966700824034,0.16313618979655642
2024-06-20,0.145411,0.151697,0.143544,0.146619,349.8 m,0.16582959790167137,0.16378227795380665
2024-06-21,0.145778,0.153689,0.144628,0.148879,307.6 m,0.16478043732263456,0.16434487535022493
2024-06-22,0.149194,0.150323,0.14508,0.148379,308.4 m,0.16410236076652215,0.16484454257498213
2024-06-23,0.148397,0.157287,0.147355,0.156253,292.6 m,0.1636253602198771,0.1652778485389185
2024-06-24,0.156211,0.162113,0.15423,0.155309,306 m,0.1633475729278743,0.1656520167977419
2024-06-25,0.155169,0.159011,0.147091,0.157003,336.2 m,0.16245805101054406,0.16601323781537503
2024-06-26,0.157665,0.165167,0.155795,0.164905,337.8 m,0.1624210325761628,0.16635571348646142
2024-06-27,0.164605,0.179896,0.161699,0.17911,327.9 m,0.16258910553454942,0.16667444975356335
2024-06-28,0.180309,0.185268,0.174091,0.184268,523.1 m,0.16406656129051447,0.16697643505889276
2024-06-29,0.184216,0.187608,0.179616,0.181482,427.3 m,0.16539452703796162,0.16723926460115848
2024-06-30,0.181988,0.195488,0.179204,0.193479,368.9 m,0.16607959484007184,0.16749311821097224
2024-07-01,0.195205,0.200027,0.180069,0.192826,599.2 m,0.16734265111566082,0.16778545690403776
2024-07-02,0.192676,0.196201,0.179893,0.181643,665.1 m,0.16801390258836338,0.16812311290547216
2024-07-03,0.181958,0.18897,0.178511,0.180028,407.9 m,0.16724634352176238,0.16846349453504655
2024-07-04,0.180329,0.181174,0.171223,0.176325,376.7 m,0.16646958096833137,0.16877614755925766
2024-07-05,0.175819,0.177539,0.162032,0.168576,403.6 m,0.16689430566345362,0.16907425690018052
2024-07-06,0.166481,0.16807,0.148531,0.16431,495.9 m,0.16784392248805022,0.16956742981553918
2024-07-07,0.163331,0.177311,0.161969,0.171163,416.4 m,0.1686747869054472,0.17006456237295792
2024-07-08,0.170569,0.173202,0.161501,0.161501,369.7 m,0.16991526594911505,0.17056433416817018
2024-07-09,0.161188,0.169964,0.156745,0.169172,394.3 m,0.16976172761052274,0.17106542479690556
2024-07-10,0.16883,0.175138,0.166632,0.173285,387.6 m,0.16946356083898625,0.1715665138548937
2024-07-11,0.172366,0.175984,0.169484,0.172346,345.1 m,0.17060604984745645,0.17206628093786416
2024-07-12,0.172608,0.174493,0.168502,0.168844,322.2 m,0.17111808456950445,0.1725634056415466
2024-07-13,0.168629,0.171348,0.164597,0.171348,330.8 m,0.17146505262844977,0.17305656756167054
2024-07-14,0.170829,0.171973,0.168807,0.170451,299 m,0.1727614116784744,0.17354444629396565
2024-07-15,0.171008,0.175742,0.169769,0.173773,301.8 m,0.17397107645801446,0.1740257214341615
2024-07-16,0.173552,0.184692,0.17307,0.184533,379.6 m,0.1753854849359778,0.17449907257798772
2024-07-17,0.185018,0.185396,0.176589,0.18227,371.1 m,0.1767059020319435,0.17496317932117386
2024-07-18,0.182053,0.183787,0.176981,0.178614,341 m,0.17867380211435585,0.17541672125944957
2024-07-19,0.178535,0.18277,0.177669,0.181274,317 m,0.17988877731735173,0.17585837798854445
2024-07-20,0.181434,0.185622,0.179025,0.183645,305.1 m,0.18013953655237372,0.17628682910418805
2024-07-21,0.183275,0.185269,0.18124,0.183848,315.7 m,0.1802954389928288,0.17670075420211004
2024-07-22,0.183733,0.186619,0.176449,0.182088,317.2 m,0.18034144948613698,0.17709883287803999
2024-07-23,0.181849,0.182551,0.175255,0.178105,347.4 m,0.179713316250385,0.17747974472770747
2024-07-24,0.178463,0.182354,0.174115,0.182007,330.2 m,0.17922305411792483,0.17784216934684213
2024-07-25,0.181823,0.183059,0.178645,0.180345,290.4 m,0.17852350257274208,0.17818478633117354
2024-07-26,0.180702,0.180702,0.175469,0.177847,164.6 m,0.17729925221213294,0.17850627527643134
2024-07-27,0.17802,0.183749,0.177608,0.183745,140.6 m,0.17606218088650627,0.1788053157783451
2024-07-28,0.183802,0.197173,0.182918,0.190634,228.4 m,0.17623241257796995,0.17908058743264443
2024-07-29,0.19014,0.190524,0.185018,0.189864,256.5 m,0.17729562180247452,0.17933076983505894
2024-07-30,0.190463,0.196451,0.187457,0.195027,158.5 m,0.17796222497841138,0.1795545425813182
