date,open,high,low,close,volume,volume(KAS)
05/25/2022,0.00023,0.00023,0.00023,0.00023,10.9 K,
05/26/2022,0.00023,0.00023,0.000184,0.0002,9.6 K,
05/27/2022,0.0002,0.000208,0.000171,0.000181,5.7 K,
05/28/2022,0.000181,0.000205,0.000178,0.000202,11.2 K,
05/29/2022,0.000202,0.000202,0.000198,0.000202,41 K,
05/30/2022,0.000202,0.000202,0.000173,0.000173,44 K,
05/31/2022,0.000173,0.000194,0.000173,0.000189,38 K,
06/01/2022,0.000189,0.000189,0.000188,0.000189,40.2 K,
06/02/2022,0.000189,0.000189,0.00018,0.000184,40.9 K,
06/03/2022,0.000184,0.0005,0.000184,0.0004,52.9 K,
06/04/2022,0.0004,0.000749,0.0004,0.00059,134.9 K,
06/05/2022,0.00059,0.000616,0.000466,0.000557,152.5 K,
06/06/2022,0.000557,0.000559,0.000475,0.0005,123.4 K,
06/07/2022,0.0005,0.0005,0.000352,0.0004,98.7 K,
06/08/2022,0.0004,0.000448,0.00038,0.00044,92.3 K,
06/09/2022,0.00044,0.000544,0.00042,0.0005,99.7 K,
06/10/2022,0.0005,0.000558,0.00044,0.000558,130.9 K,
06/11/2022,0.000558,0.00056,0.000491,0.000491,131.8 K,
06/12/2022,0.000491,0.000519,0.000449,0.000484,115.4 K,
06/13/2022,0.000484,0.000485,0.000425,0.000433,97.6 K,
06/14/2022,0.000433,0.000477,0.000388,0.000388,91.8 K,
06/15/2022,0.000388,0.000392,0.000311,0.000314,83.9 K,
06/16/2022,0.000314,0.000431,0.000314,0.00039,91.5 K,
06/17/2022,0.00039,0.000425,0.000364,0.000421,85.5 K,
06/18/2022,0.000421,0.000421,0.000326,0.000357,79.8 K,
06/19/2022,0.000357,0.000369,0.00029,0.00033,77.4 K,
06/20/2022,0.00033,0.000339,0.000283,0.000317,66.8 K,
06/21/2022,0.000317,0.000379,0.000284,0.000372,71.5 K,
06/22/2022,0.000372,0.0006,0.000372,0.00045,106.3 K,
06/23/2022,0.00045,0.00045,0.000342,0.000365,88.6 K,
06/24/2022,0.000365,0.000389,0.000347,0.000373,78 K,
06/25/2022,0.000373,0.000384,0.000331,0.000384,75.6 K,
06/26/2022,0.000384,0.000384,0.000345,0.000352,78.6 K,
06/27/2022,0.000352,0.00037,0.000344,0.000368,77.4 K,
06/28/2022,0.000368,0.000385,0.000352,0.000354,82.1 K,
06/29/2022,0.000354,0.000374,0.000349,0.00036,77.3 K,
06/30/2022,0.00036,0.000415,0.000354,0.000415,82.7 K,
07/01/2022,0.000415,0.000415,0.000313,0.000332,78.7 K,
07/02/2022,0.000332,0.000364,0.00032,0.000336,74.1 K,
07/03/2022,0.000336,0.000342,0.000307,0.000307,70.3 K,
07/04/2022,0.000307,0.00032,0.000286,0.0003,65.6 K,
07/05/2022,0.0003,0.000325,0.000263,0.000287,67.7 K,
07/06/2022,0.000287,0.000299,0.000235,0.000269,65.8 K,
07/07/2022,0.000269,0.000283,0.000262,0.00028,63 K,
07/08/2022,0.00028,0.00028,0.000254,0.000275,57.9 K,
07/09/2022,0.000275,0.00028,0.000239,0.000249,55 K,
07/10/2022,0.000249,0.000264,0.000222,0.000236,51.2 K,
07/11/2022,0.000236,0.00025,0.000222,0.00024,52.7 K,
07/12/2022,0.00024,0.00024,0.0002,0.000239,51.1 K,
07/13/2022,0.000239,0.000261,0.000232,0.000245,52.9 K,
07/14/2022,0.000245,0.00025,0.000231,0.000231,51.6 K,
07/15/2022,0.000231,0.000259,0.000222,0.000244,50.9 K,
07/16/2022,0.000244,0.00026,0.00022,0.000251,53.4 K,
07/17/2022,0.000251,0.000258,0.00023,0.000233,56.1 K,
07/18/2022,0.000233,0.000244,0.000224,0.000244,50.9 K,
07/19/2022,0.000244,0.000247,0.000226,0.000242,52.2 K,
07/20/2022,0.000242,0.000243,0.000221,0.000221,48.4 K,
07/21/2022,0.000221,0.000237,0.000208,0.00021,48.1 K,
07/22/2022,0.00021,0.000237,0.000207,0.000209,48.6 K,
07/23/2022,0.000209,0.00024,0.000209,0.000235,45.7 K,
07/24/2022,0.000235,0.000241,0.000217,0.000222,50.6 K,
07/25/2022,0.000222,0.00024,0.000212,0.000239,50 K,
07/26/2022,0.000239,0.000242,0.000216,0.00023,49.6 K,
07/27/2022,0.00023,0.000369,0.000225,0.000261,57.4 K,
07/28/2022,0.000261,0.000341,0.000242,0.000284,66.4 K,
07/29/2022,0.000284,0.000396,0.000254,0.000396,83 K,
07/30/2022,0.000396,0.000531,0.000355,0.000531,136.3 K,
07/31/2022,0.000531,0.000699,0.000438,0.000676,170.4 K,
08/01/2022,0.000676,0.000871,0.000622,0.000871,222.8 K,
08/02/2022,0.000871,0.000973,0.000451,0.00072,271.6 K,
08/03/2022,0.00072,0.000839,0.00072,0.0008,244.7 K,
08/04/2022,0.0008,0.0008,0.000615,0.000705,180.4 K,
08/05/2022,0.000705,0.000706,0.000614,0.000614,149.9 K,
08/06/2022,0.000614,0.0007,0.00061,0.000695,149.4 K,
08/07/2022,0.000695,0.000695,0.000601,0.00061,140.1 K,
08/08/2022,0.00061,0.000643,0.000516,0.0006,141.3 K,
08/09/2022,0.0006,0.000674,0.000599,0.000674,157.4 K,
08/10/2022,0.000674,0.000731,0.000636,0.000649,160.9 K,
08/11/2022,0.000649,0.000747,0.000641,0.000695,160.1 K,
08/12/2022,0.000695,0.000765,0.000674,0.00076,168.3 K,
08/13/2022,0.00076,0.00095,0.000731,0.00095,180.4 K,
08/14/2022,0.00095,0.00119,0.0009,0.001138,300.4 K,
08/15/2022,0.001138,0.001442,0.001088,0.001305,324.5 K,
08/16/2022,0.001305,0.001463,0.001224,0.001392,435 K,
08/17/2022,0.001392,0.002433,0.001392,0.002433,551.9 K,
08/18/2022,0.002433,0.003154,0.002203,0.002999,693.5 K,
08/19/2022,0.002999,0.003732,0.002902,0.003208,985.4 K,
08/20/2022,0.003208,0.003513,0.002001,0.002406,911.8 K,
08/21/2022,0.002406,0.002701,0.001788,0.002198,635.3 K,
08/22/2022,0.002198,0.002474,0.001991,0.002417,569 K,
08/23/2022,0.002417,0.002904,0.002301,0.002445,597.5 K,
08/24/2022,0.002445,0.00306,0.002423,0.002902,683.2 K,
08/25/2022,0.002902,0.0036,0.002788,0.003465,822 K,
08/26/2022,0.003465,0.003465,0.002965,0.00313,847 K,
08/27/2022,0.00313,0.00313,0.002548,0.002548,694.5 K,
08/28/2022,0.002548,0.00281,0.002327,0.00274,654.2 K,
08/29/2022,0.00274,0.002751,0.002326,0.002326,628.4 K,
08/30/2022,0.002326,0.002777,0.002326,0.002587,620.2 K,
08/31/2022,0.002587,0.002904,0.002561,0.002904,612.4 K,
09/01/2022,0.002904,0.002904,0.002627,0.002694,681.7 K,
09/02/2022,0.002694,0.002952,0.0026,0.002935,635.7 K,
09/03/2022,0.002935,0.002953,0.002532,0.002739,694.1 K,
09/04/2022,0.002739,0.002739,0.002576,0.002682,653 K,
09/05/2022,0.002682,0.002814,0.002534,0.002814,632.6 K,
09/06/2022,0.002814,0.002814,0.0026,0.002738,634 K,
09/07/2022,0.002738,0.002832,0.002643,0.0028,675.9 K,
09/08/2022,0.0028,0.003455,0.002668,0.003455,693.3 K,
09/09/2022,0.003455,0.004415,0.003204,0.004198,1.1 m,
09/10/2022,0.004198,0.00491,0.004076,0.004807,1.5 m,
09/11/2022,0.004807,0.004807,0.004203,0.004599,1.3 m,
09/12/2022,0.004599,0.0047,0.00437,0.004439,1.1 m,
09/13/2022,0.004439,0.004479,0.003979,0.004046,1 m,
09/14/2022,0.004046,0.004046,0.00358,0.003911,971 K,
09/15/2022,0.003911,0.00413,0.003505,0.003977,949 K,
09/16/2022,0.003977,0.004076,0.003647,0.003749,972.9 K,
09/17/2022,0.003749,0.004277,0.003442,0.004197,995.6 K,
09/18/2022,0.004197,0.0049,0.003961,0.004892,1.1 m,
09/19/2022,0.004892,0.004892,0.004492,0.004778,1.2 m,
09/20/2022,0.004778,0.004778,0.00415,0.004292,1.1 m,
09/21/2022,0.004292,0.00463,0.004286,0.004388,1.1 m,
09/22/2022,0.004388,0.004509,0.004118,0.004445,1.1 m,
09/23/2022,0.004446,0.004627,0.004144,0.00427,641.5 K,
09/24/2022,0.004269,0.004642,0.003956,0.004044,8.5 K,
09/25/2022,0.004053,0.004411,0.003773,0.003788,8.7 K,
09/26/2022,0.003788,0.004013,0.003561,0.003764,8.4 K,
09/27/2022,0.003572,0.004987,0.003564,0.004808,14.8 K,
09/28/2022,0.004808,0.005059,0.003806,0.004205,28.6 K,
09/29/2022,0.004205,0.004219,0.003535,0.003882,20.1 K,
09/30/2022,0.003881,0.003901,0.00272,0.002741,9.4 K,
10/01/2022,0.002741,0.003159,0.002707,0.003112,14.2 K,
10/02/2022,0.003106,0.003493,0.002907,0.003089,7.5 K,
10/03/2022,0.003089,0.003284,0.002653,0.002664,5.1 K,
10/04/2022,0.002664,0.003072,0.002128,0.002157,6.2 K,
10/05/2022,0.002159,0.002787,0.002005,0.002034,7.9 K,
10/06/2022,0.002034,0.002789,0.001982,0.00262,5.6 K,
10/07/2022,0.002621,0.002634,0.002016,0.002193,7.1 K,
10/08/2022,0.002193,0.002592,0.002132,0.002344,3.4 K,
10/09/2022,0.002345,0.002703,0.002315,0.002329,2.9 K,
10/10/2022,0.002329,0.002925,0.00232,0.002721,4 K,
10/11/2022,0.002721,0.002926,0.002292,0.002297,4.9 K,
10/12/2022,0.002297,0.002676,0.002265,0.002285,4.6 K,
10/13/2022,0.002285,0.002494,0.002099,0.00249,2.4 K,
10/14/2022,0.00249,0.002491,0.001834,0.001938,2.5 K,
10/15/2022,0.001939,0.002353,0.001924,0.00211,3.5 K,
10/16/2022,0.00211,0.002304,0.002092,0.002097,3.3 K,
10/17/2022,0.002097,0.002316,0.002097,0.002119,1.2 K,
10/18/2022,0.002119,0.002342,0.001948,0.001956,2.1 K,
10/19/2022,0.001954,0.00236,0.001918,0.001935,3 K,
10/20/2022,0.001935,0.002125,0.001719,0.001721,4.3 K,
10/21/2022,0.001721,0.001918,0.001518,0.001523,4.1 K,
10/22/2022,0.001524,0.001727,0.001318,0.001533,3.9 K,
10/23/2022,0.001533,0.001922,0.001531,0.001537,4.5 K,
10/24/2022,0.001537,0.001763,0.001529,0.001761,2.8 K,
10/25/2022,0.001761,0.001937,0.001535,0.00174,1.4 K,
10/26/2022,0.00174,0.00201,0.001541,0.001808,1.9 K,
10/27/2022,0.001808,0.002095,0.001614,0.001869,3.9 K,
10/28/2022,0.001869,0.002085,0.00162,0.001827,4.3 K,
10/29/2022,0.001826,0.002072,0.001606,0.001855,2.7 K,
10/30/2022,0.001855,0.002087,0.001653,0.001665,2.2 K,
10/31/2022,0.001665,0.002084,0.001642,0.001855,1.6 K,
11/01/2022,0.001856,0.00208,0.001823,0.001846,1.4 K,
11/02/2022,0.001845,0.002868,0.001841,0.002663,6.7 K,
11/03/2022,0.002663,0.003066,0.002446,0.002621,10 K,
11/04/2022,0.002621,0.003444,0.002435,0.00303,11.7 K,
11/05/2022,0.003031,0.004655,0.003029,0.00402,11.6 K,
11/06/2022,0.004231,0.0045,0.003409,0.003831,33.7 K,
11/07/2022,0.003832,0.00446,0.003822,0.00419,18.8 K,
11/08/2022,0.004181,0.004422,0.003713,0.003907,19.6 K,
11/09/2022,0.003913,0.004353,0.003429,0.003703,10 K,
11/10/2022,0.003703,0.003941,0.003118,0.003629,13.4 K,
11/11/2022,0.003656,0.004814,0.003358,0.004039,14.6 K,
11/12/2022,0.004047,0.004728,0.003949,0.004111,20.5 K,
11/13/2022,0.00409,0.004227,0.003858,0.003862,6.9 K,
11/14/2022,0.003864,0.004777,0.003802,0.004573,6.3 K,
11/15/2022,0.004573,0.007231,0.004485,0.006484,26.4 K,
11/16/2022,0.006479,0.007187,0.005223,0.006079,53.5 K,
11/17/2022,0.005747,0.00685,0.005583,0.006494,30.2 K,
11/18/2022,0.006494,0.006769,0.00616,0.006175,23.1 K,
11/19/2022,0.006175,0.006601,0.005862,0.006349,19.8 K,
11/20/2022,0.006012,0.006824,0.005995,0.006687,9.2 K,
11/21/2022,0.006687,0.008595,0.006682,0.007809,26.2 K,
11/22/2022,0.007655,0.007655,0.006291,0.006481,51.4 K,
11/23/2022,0.006465,0.007931,0.006272,0.007269,21.8 K,
11/24/2022,0.0073,0.00793,0.007075,0.007314,24.3 K,
11/25/2022,0.007314,0.007819,0.007089,0.007633,14.9 K,
11/26/2022,0.007633,0.009589,0.007602,0.009416,40.5 K,
11/27/2022,0.008917,0.009444,0.00846,0.009058,53.2 K,
11/28/2022,0.008722,0.009785,0.00872,0.00921,33.7 K,
11/29/2022,0.0092,0.009726,0.00788,0.00876,64 K,
11/30/2022,0.00876,0.00928,0.00851,0.008884,38.4 K,
12/01/2022,0.008877,0.009143,0.008583,0.008643,974.7 K,
12/02/2022,0.008624,0.008775,0.007944,0.008406,1.2 m,
12/03/2022,0.008363,0.008363,0.007124,0.007349,1.1 m,
12/04/2022,0.007208,0.007651,0.006556,0.006556,1.1 m,
12/05/2022,0.006842,0.007587,0.006651,0.007244,1.2 m,
12/06/2022,0.007244,0.008282,0.007157,0.008137,759.2 K,
12/07/2022,0.008048,0.008259,0.007416,0.007685,944 K,
12/08/2022,0.007647,0.00788,0.007406,0.007547,654.2 K,
12/09/2022,0.007526,0.007532,0.007098,0.007237,543.3 K,
12/10/2022,0.007237,0.007698,0.007105,0.007367,638.7 K,
12/11/2022,0.007367,0.007715,0.007165,0.007208,602.5 K,
12/12/2022,0.007208,0.007311,0.006951,0.007003,391.4 K,
12/13/2022,0.007003,0.007146,0.006648,0.006941,436.4 K,
12/14/2022,0.006918,0.006987,0.006005,0.006258,608.8 K,
12/15/2022,0.006303,0.006801,0.006085,0.006131,809.7 K,
12/16/2022,0.00614,0.006205,0.005689,0.005709,537.2 K,
12/17/2022,0.005672,0.005959,0.005102,0.005112,815.9 K,
12/18/2022,0.005112,0.006164,0.004913,0.006164,689.8 K,
12/19/2022,0.006139,0.006378,0.005512,0.005534,715.9 K,
12/20/2022,0.005554,0.005735,0.005094,0.005221,545.5 K,
12/21/2022,0.005249,0.00531,0.004938,0.005149,661.3 K,
12/22/2022,0.005141,0.005761,0.00511,0.005573,543 K,
12/23/2022,0.005567,0.005795,0.005499,0.005795,547.2 K,
12/24/2022,0.005782,0.005853,0.005149,0.005153,455 K,
12/25/2022,0.005177,0.005365,0.005125,0.005226,309.5 K,
12/26/2022,0.005226,0.005388,0.005219,0.005332,208.7 K,
12/27/2022,0.005332,0.00537,0.005015,0.005075,266.3 K,
12/28/2022,0.005054,0.00517,0.004543,0.004928,436.9 K,
12/29/2022,0.004957,0.004957,0.004524,0.004758,818.2 K,
12/30/2022,0.004761,0.00492,0.004539,0.004603,384 K,
12/31/2022,0.004612,0.005141,0.004212,0.004837,483.9 K,
01/01/2023,0.004864,0.005393,0.004817,0.005314,801 K,
01/02/2023,0.005314,0.005474,0.005152,0.005209,457.8 K,
01/03/2023,0.005208,0.005344,0.005153,0.005177,284.5 K,
01/04/2023,0.00517,0.005209,0.004859,0.004987,347.5 K,
01/05/2023,0.004994,0.005049,0.004893,0.004967,358.2 K,
01/06/2023,0.004967,0.005023,0.004535,0.004544,347.1 K,
01/07/2023,0.004533,0.004791,0.004454,0.004501,401 K,
01/08/2023,0.004501,0.004581,0.004336,0.004436,331.1 K,
01/09/2023,0.004438,0.005017,0.004382,0.004809,410.6 K,
01/10/2023,0.004835,0.005041,0.004684,0.00486,652.9 K,
01/11/2023,0.00486,0.004948,0.004549,0.004638,451.1 K,
01/12/2023,0.004638,0.005031,0.004586,0.005031,321 K,
01/13/2023,0.004999,0.005629,0.004788,0.005629,587.3 K,
01/14/2023,0.005631,0.00635,0.005549,0.00602,982.9 K,
01/15/2023,0.00602,0.006487,0.005892,0.006201,912 K,
01/16/2023,0.006204,0.006204,0.005528,0.006109,584.4 K,
01/17/2023,0.006016,0.006873,0.00596,0.006676,742.2 K,
01/18/2023,0.006676,0.006747,0.006349,0.006417,767.9 K,
01/19/2023,0.006421,0.006755,0.005936,0.005955,608.1 K,
01/20/2023,0.005955,0.006292,0.005859,0.006262,723.8 K,
01/21/2023,0.00621,0.006459,0.006077,0.006402,535.7 K,
01/22/2023,0.006404,0.006493,0.006113,0.006113,525.6 K,
01/23/2023,0.006108,0.006256,0.005803,0.005957,529.2 K,
01/24/2023,0.005957,0.006512,0.005835,0.006482,557.3 K,
01/25/2023,0.006493,0.006493,0.00594,0.005957,642.4 K,
01/26/2023,0.005975,0.00629,0.005923,0.006265,453.3 K,
01/27/2023,0.006266,0.006282,0.005955,0.006167,570.4 K,
01/28/2023,0.006192,0.006273,0.005947,0.006156,566.9 K,
01/29/2023,0.006109,0.006226,0.005643,0.005698,700.4 K,
01/30/2023,0.005707,0.005979,0.00561,0.0059,538.4 K,
01/31/2023,0.005888,0.005913,0.005153,0.005552,518.9 K,
02/01/2023,0.005556,0.005748,0.005337,0.005398,787.9 K,
02/02/2023,0.005421,0.00584,0.005181,0.005744,570.5 K,
02/03/2023,0.00578,0.006137,0.005661,0.005831,801.1 K,
02/04/2023,0.005809,0.005873,0.005505,0.005617,571.8 K,
02/05/2023,0.005617,0.005894,0.005515,0.005763,555.3 K,
02/06/2023,0.005722,0.006961,0.005722,0.006567,1.1 m,
02/07/2023,0.006568,0.007489,0.006271,0.007153,1.8 m,
02/08/2023,0.00711,0.007572,0.006918,0.007433,1.8 m,
02/09/2023,0.007433,0.007557,0.007003,0.007169,1.4 m,
02/10/2023,0.007186,0.007283,0.006512,0.006589,1.1 m,
02/11/2023,0.006531,0.006767,0.006311,0.006737,1 m,
02/12/2023,0.006693,0.006779,0.006384,0.006415,527.5 K,
02/13/2023,0.006405,0.006685,0.006405,0.006534,416.1 K,
02/14/2023,0.006534,0.006539,0.006298,0.006539,540.7 K,
02/15/2023,0.006553,0.006849,0.006402,0.00651,592.4 K,
02/16/2023,0.00651,0.00718,0.006488,0.007162,630.6 K,
02/17/2023,0.007162,0.007392,0.006854,0.006856,1.1 m,
02/18/2023,0.006887,0.007619,0.006858,0.007494,835.6 K,
02/19/2023,0.007494,0.007938,0.00745,0.007738,1.1 m,
02/20/2023,0.007761,0.007873,0.007573,0.007792,946.7 K,
02/21/2023,0.007789,0.007851,0.007604,0.007667,809.7 K,
02/22/2023,0.007661,0.007714,0.006925,0.007167,840.5 K,
02/23/2023,0.007157,0.007503,0.006787,0.007051,1.1 m,
02/24/2023,0.007072,0.007488,0.006909,0.007293,803.6 K,
02/25/2023,0.00722,0.007845,0.007185,0.007752,1.1 m,
02/26/2023,0.007728,0.008473,0.007684,0.008385,1.4 m,
02/27/2023,0.008465,0.009118,0.00822,0.009009,1.8 m,
02/28/2023,0.009011,0.011535,0.008517,0.010842,2.3 m,
03/01/2023,0.010785,0.012808,0.010444,0.011178,5.7 m,
03/02/2023,0.011269,0.013304,0.011258,0.013012,4.3 m,
03/03/2023,0.013023,0.014799,0.012586,0.01424,5.3 m,
03/04/2023,0.014286,0.014448,0.011322,0.012721,6.1 m,
03/05/2023,0.012737,0.013335,0.011681,0.012204,4.4 m,
03/06/2023,0.012156,0.012595,0.01198,0.01259,1.9 m,
03/07/2023,0.012672,0.014291,0.012424,0.013953,2.2 m,
03/08/2023,0.01393,0.014344,0.012514,0.012766,3.7 m,
03/09/2023,0.012889,0.012889,0.011242,0.011588,3.7 m,
03/10/2023,0.011663,0.01184,0.009875,0.010301,4.1 m,
03/11/2023,0.010355,0.011932,0.009125,0.011873,5.3 m,
03/12/2023,0.011931,0.012957,0.011291,0.012077,4.6 m,
03/13/2023,0.012077,0.012226,0.011265,0.012035,2.7 m,
03/14/2023,0.012062,0.013396,0.012062,0.012532,2.9 m,
03/15/2023,0.012534,0.014425,0.012061,0.013972,4.6 m,
03/16/2023,0.014116,0.014116,0.012496,0.012998,4.7 m,
03/17/2023,0.013026,0.013591,0.012725,0.013452,3.4 m,
03/18/2023,0.013422,0.014447,0.013402,0.013984,3 m,
03/19/2023,0.013999,0.014306,0.013622,0.013951,3 m,
03/20/2023,0.013922,0.017394,0.013922,0.016357,2.6 m,
03/21/2023,0.016358,0.017691,0.015718,0.017052,6.3 m,
03/22/2023,0.017124,0.017587,0.015629,0.01577,5.2 m,
03/23/2023,0.015796,0.016537,0.015547,0.015973,7.2 m,
03/24/2023,0.016008,0.016924,0.015898,0.016917,8.5 m,
03/25/2023,0.016927,0.017136,0.016621,0.01669,7.2 m,
03/26/2023,0.01669,0.017008,0.016211,0.016721,2.4 m,
03/27/2023,0.016713,0.018554,0.016526,0.018193,2.6 m,
03/28/2023,0.018193,0.022594,0.018193,0.022437,5.8 m,
03/29/2023,0.022451,0.023602,0.02116,0.023029,20.6 m,
03/30/2023,0.023016,0.036985,0.022946,0.028058,35.9 m,
03/31/2023,0.027581,0.032891,0.027235,0.0291,52.3 m,
04/01/2023,0.028962,0.033515,0.028962,0.032769,24.5 m,
04/02/2023,0.032463,0.038348,0.032197,0.035655,24.5 m,
04/03/2023,0.035736,0.042511,0.035554,0.038562,22.7 m,
04/04/2023,0.03879,0.040956,0.03546,0.036843,22.6 m,
04/05/2023,0.036508,0.037706,0.031696,0.034951,24.1 m,
04/06/2023,0.035049,0.036295,0.027923,0.030415,23.1 m,
04/07/2023,0.0302,0.0325,0.029635,0.031544,21.1 m,
04/08/2023,0.031467,0.031676,0.028711,0.030228,11.5 m,
04/09/2023,0.03009,0.030906,0.028991,0.029284,8.9 m,
04/10/2023,0.02926,0.036369,0.029111,0.034487,14.1 m,
04/11/2023,0.034478,0.036708,0.032983,0.034719,27.1 m,
04/12/2023,0.034561,0.038329,0.032487,0.032657,15.2 m,
04/13/2023,0.032657,0.033698,0.03194,0.032522,9.2 m,
04/14/2023,0.032522,0.034362,0.032004,0.032809,10.9 m,
04/15/2023,0.032809,0.035943,0.032785,0.035681,10.9 m,
04/16/2023,0.035681,0.035859,0.033248,0.033423,9.1 m,
04/17/2023,0.033438,0.033771,0.027074,0.027074,9.1 m,
04/18/2023,0.025305,0.029732,0.025239,0.027789,24.4 m,
04/19/2023,0.027804,0.028763,0.024393,0.02528,9.7 m,
04/20/2023,0.025287,0.025708,0.022364,0.023239,12 m,
04/21/2023,0.022881,0.02759,0.022881,0.02548,9.9 m,
04/22/2023,0.025504,0.027599,0.024197,0.024382,9 m,
04/23/2023,0.02453,0.025295,0.023516,0.024054,6.1 m,
04/24/2023,0.024029,0.024888,0.023593,0.024025,4.3 m,
04/25/2023,0.024151,0.026221,0.023894,0.02564,5.3 m,
04/26/2023,0.025715,0.027665,0.025714,0.026745,6.7 m,
04/27/2023,0.026576,0.031806,0.02619,0.030972,8.5 m,
04/28/2023,0.031095,0.031731,0.029085,0.03133,12.4 m,
04/29/2023,0.03133,0.032793,0.030065,0.031383,9.1 m,
04/30/2023,0.031319,0.031491,0.028283,0.028772,5.9 m,
05/01/2023,0.028835,0.029201,0.026847,0.028593,6.5 m,
05/02/2023,0.028675,0.02876,0.025617,0.025909,7.2 m,
05/03/2023,0.025932,0.027473,0.023079,0.026315,8.8 m,
05/04/2023,0.026308,0.027154,0.02499,0.026236,6.4 m,
05/05/2023,0.026311,0.030069,0.025812,0.027617,8.1 m,
05/06/2023,0.027769,0.028266,0.025099,0.02687,9 m,
05/07/2023,0.026814,0.029719,0.025377,0.026424,12.3 m,
05/08/2023,0.026427,0.026901,0.025154,0.025154,6.8 m,
05/09/2023,0.02518,0.025258,0.022563,0.022864,8.2 m,
05/10/2023,0.022924,0.023877,0.021879,0.022552,7.4 m,
05/11/2023,0.022654,0.024082,0.022245,0.022633,5.2 m,
05/12/2023,0.022716,0.022783,0.019198,0.020561,6.9 m,
05/13/2023,0.020545,0.021273,0.018925,0.020888,9 m,
05/14/2023,0.020897,0.021585,0.020079,0.020368,5.6 m,
05/15/2023,0.020313,0.024049,0.020256,0.022242,5.6 m,
05/16/2023,0.022197,0.0228,0.021173,0.022161,7.5 m,
05/17/2023,0.022161,0.022161,0.019944,0.020145,4.7 m,
05/18/2023,0.020086,0.020529,0.01874,0.019684,6.8 m,
05/19/2023,0.019684,0.019824,0.017607,0.017653,5.7 m,
05/20/2023,0.017689,0.018081,0.01553,0.017385,8.9 m,
05/21/2023,0.017671,0.017706,0.01604,0.016923,9.7 m,
05/22/2023,0.016923,0.017318,0.016214,0.016632,6.1 m,
05/23/2023,0.016632,0.016641,0.014389,0.014535,5.8 m,
05/24/2023,0.014467,0.0149,0.012138,0.013458,10.4 m,
05/25/2023,0.013487,0.016893,0.012014,0.016208,8.2 m,
05/26/2023,0.016263,0.017334,0.014393,0.01627,15.1 m,
05/27/2023,0.01627,0.018857,0.015483,0.018319,8.8 m,
05/28/2023,0.01838,0.019703,0.018179,0.018799,10.7 m,
05/29/2023,0.01876,0.018912,0.017259,0.017854,8.8 m,
05/30/2023,0.017903,0.018506,0.016851,0.017091,7 m,
05/31/2023,0.017147,0.017737,0.015521,0.016193,6.7 m,
06/01/2023,0.016197,0.016197,0.014464,0.015809,5.8 m,
06/02/2023,0.015804,0.01631,0.014841,0.015783,5.3 m,
06/03/2023,0.015778,0.016424,0.015084,0.015502,4.6 m,
06/04/2023,0.015577,0.016897,0.015239,0.016623,4.2 m,
06/05/2023,0.016584,0.017121,0.015981,0.016093,5.6 m,
06/06/2023,0.016088,0.016118,0.014467,0.014574,3.9 m,
06/07/2023,0.014574,0.021243,0.013633,0.015107,5.8 m,
06/08/2023,0.015113,0.015439,0.014482,0.015021,4.9 m,
06/09/2023,0.015063,0.015481,0.014606,0.015361,3.5 m,
06/10/2023,0.015444,0.016497,0.015307,0.0159,4.9 m,
06/11/2023,0.015922,0.015999,0.01448,0.015646,6 m,
06/12/2023,0.015536,0.015636,0.015051,0.01532,4.5 m,
06/13/2023,0.015351,0.016644,0.015138,0.016442,4.3 m,
06/14/2023,0.016443,0.016865,0.016082,0.016738,6 m,
06/15/2023,0.016747,0.018231,0.016308,0.018231,5.1 m,
06/16/2023,0.018661,0.022684,0.017865,0.022424,15 m,
06/17/2023,0.022427,0.022427,0.020092,0.020705,13.5 m,
06/18/2023,0.020494,0.021675,0.020164,0.021277,7.6 m,
06/19/2023,0.021305,0.021562,0.020056,0.020086,4.9 m,
06/20/2023,0.020079,0.021599,0.018786,0.021599,6.2 m,
06/21/2023,0.021642,0.023077,0.020898,0.022953,7.6 m,
06/22/2023,0.022964,0.02439,0.022526,0.023808,9.3 m,
06/23/2023,0.023865,0.027879,0.023286,0.026868,11.6 m,
06/24/2023,0.026716,0.028005,0.026116,0.026554,14 m,
06/25/2023,0.02667,0.027054,0.024385,0.025237,11.7 m,
06/26/2023,0.025183,0.026269,0.024835,0.025608,7.7 m,
06/27/2023,0.025628,0.026033,0.024515,0.02467,6.3 m,
06/28/2023,0.024712,0.027545,0.023935,0.027497,8.5 m,
06/29/2023,0.027391,0.027391,0.02516,0.025337,9.9 m,
06/30/2023,0.025284,0.026494,0.025216,0.025806,7.2 m,
07/01/2023,0.025772,0.026884,0.025469,0.026085,6.7 m,
07/02/2023,0.026049,0.02607,0.02525,0.02537,5.9 m,
07/03/2023,0.02543,0.025555,0.024529,0.024702,4.9 m,
07/04/2023,0.024724,0.024835,0.02312,0.024212,7.5 m,
07/05/2023,0.024233,0.024691,0.023301,0.02378,7.3 m,
07/06/2023,0.023667,0.023804,0.02117,0.022382,6.6 m,
07/07/2023,0.021932,0.021981,0.02025,0.021247,10.1 m,
07/08/2023,0.021205,0.023942,0.021165,0.023497,8.1 m,
07/09/2023,0.023276,0.025845,0.023167,0.025588,7.5 m,
07/10/2023,0.025694,0.025831,0.024867,0.025286,8 m,
07/11/2023,0.025303,0.025355,0.023264,0.023928,7.5 m,
07/12/2023,0.024036,0.024731,0.023835,0.024591,6.7 m,
07/13/2023,0.024535,0.026326,0.024117,0.026251,6.6 m,
07/14/2023,0.026202,0.027565,0.025597,0.027562,10.3 m,
07/15/2023,0.027201,0.029794,0.026792,0.028269,14 m,
07/16/2023,0.028326,0.028663,0.027527,0.028207,11.3 m,
07/17/2023,0.028226,0.032937,0.028226,0.032594,10.5 m,
07/18/2023,0.03332,0.034512,0.031307,0.033392,27 m,
07/19/2023,0.033311,0.034934,0.030681,0.034391,18.9 m,
07/20/2023,0.034398,0.035569,0.033086,0.035022,20.7 m,
07/21/2023,0.035115,0.035501,0.033382,0.034364,15.6 m,
07/22/2023,0.034283,0.034862,0.032766,0.034808,11.2 m,
07/23/2023,0.034819,0.03919,0.034103,0.03919,12.8 m,
07/24/2023,0.038633,0.041182,0.037404,0.040198,25 m,
07/25/2023,0.0402,0.0402,0.035781,0.037147,21.2 m,
07/26/2023,0.036602,0.038439,0.032856,0.035743,26.9 m,
07/27/2023,0.035927,0.039639,0.035927,0.038313,24.2 m,
07/28/2023,0.038318,0.039102,0.03649,0.037039,18.4 m,
07/29/2023,0.036967,0.037362,0.035223,0.036423,17.1 m,
07/30/2023,0.036469,0.037035,0.03431,0.035909,12.9 m,
07/31/2023,0.035823,0.037514,0.034654,0.037224,16.6 m,
08/01/2023,0.037469,0.03926,0.037361,0.039259,17.4 m,
08/02/2023,0.038891,0.040812,0.03752,0.040708,17.4 m,
08/03/2023,0.040791,0.047208,0.040492,0.046687,27.3 m,
08/04/2023,0.046432,0.048762,0.043821,0.045293,43.4 m,
08/05/2023,0.045387,0.046958,0.044591,0.046639,29.2 m,
08/06/2023,0.046525,0.047915,0.045341,0.047219,21.7 m,
08/07/2023,0.04742,0.051608,0.04687,0.050112,25.2 m,
08/08/2023,0.050121,0.051435,0.046882,0.048817,30.9 m,
08/09/2023,0.049061,0.04913,0.044348,0.046621,32.7 m,
08/10/2023,0.046615,0.047401,0.045307,0.046604,23.9 m,
08/11/2023,0.046495,0.046585,0.04256,0.042562,17.1 m,
08/12/2023,0.042189,0.046998,0.041441,0.04663,24 m,
08/13/2023,0.046674,0.046704,0.045029,0.045539,19.8 m,
08/14/2023,0.045647,0.045845,0.042153,0.04298,13.4 m,
08/15/2023,0.042789,0.043923,0.039905,0.041468,18.9 m,
08/16/2023,0.041196,0.042867,0.037903,0.041228,25.7 m,
08/17/2023,0.042196,0.042293,0.038587,0.038593,22.7 m,
08/18/2023,0.038525,0.040278,0.036295,0.037331,16.3 m,
08/19/2023,0.037529,0.039701,0.036025,0.039651,21.8 m,
08/20/2023,0.039744,0.042665,0.039744,0.041462,23 m,
08/21/2023,0.041565,0.042472,0.040532,0.041666,14.9 m,
08/22/2023,0.042065,0.044263,0.041241,0.041695,15.1 m,
08/23/2023,0.04178,0.042871,0.039011,0.040497,17.9 m,
08/24/2023,0.04092,0.041377,0.038308,0.040392,20.3 m,
08/25/2023,0.040432,0.040704,0.038008,0.038667,14 m,
08/26/2023,0.038699,0.038948,0.036582,0.03764,13.1 m,
08/27/2023,0.037616,0.037679,0.035095,0.035653,9.8 m,
08/28/2023,0.035639,0.037259,0.033931,0.036184,12.7 m,
08/29/2023,0.035948,0.036597,0.033968,0.034416,9.6 m,
08/30/2023,0.034403,0.036844,0.032195,0.035351,14.2 m,
08/31/2023,0.035255,0.036588,0.033664,0.033891,18.7 m,
09/01/2023,0.033933,0.035157,0.032888,0.033691,10.7 m,
09/02/2023,0.033659,0.034574,0.033318,0.034512,9.1 m,
09/03/2023,0.034829,0.035832,0.034693,0.03575,8.9 m,
09/04/2023,0.035777,0.035844,0.034434,0.03461,7.4 m,
09/05/2023,0.034538,0.034538,0.033101,0.033377,7.1 m,
09/06/2023,0.033397,0.034896,0.033041,0.034731,7.4 m,
09/07/2023,0.034721,0.040453,0.034721,0.03839,16.3 m,
09/08/2023,0.038414,0.041722,0.038291,0.039139,23.9 m,
09/09/2023,0.039114,0.039694,0.03716,0.038995,17 m,
09/10/2023,0.038937,0.039831,0.038294,0.039208,9.6 m,
09/11/2023,0.039171,0.040757,0.03872,0.040349,9.4 m,
09/12/2023,0.040357,0.040713,0.038674,0.039472,12 m,
09/13/2023,0.039553,0.042977,0.039553,0.042596,17.2 m,
09/14/2023,0.042496,0.049741,0.041983,0.049524,21.2 m,
09/15/2023,0.049424,0.050343,0.046449,0.047113,28.2 m,
09/16/2023,0.047009,0.048941,0.046954,0.048785,15.9 m,
09/17/2023,0.048782,0.050022,0.047201,0.047973,13.1 m,
09/18/2023,0.048192,0.048192,0.044801,0.045409,15.7 m,
09/19/2023,0.045664,0.049671,0.045664,0.048478,15.9 m,
09/20/2023,0.048747,0.052397,0.048079,0.052271,17.4 m,
09/21/2023,0.052754,0.053842,0.049011,0.049144,22.4 m,
09/22/2023,0.049137,0.05004,0.045561,0.045671,21.1 m,
09/23/2023,0.045869,0.047544,0.043692,0.046707,18.7 m,
09/24/2023,0.046919,0.047404,0.044981,0.045494,13.6 m,
09/25/2023,0.045593,0.048778,0.045376,0.047833,9.8 m,
09/26/2023,0.047937,0.048751,0.045755,0.047109,13.9 m,
09/27/2023,0.047028,0.047495,0.045222,0.047058,11.5 m,
09/28/2023,0.04694,0.048042,0.046322,0.046587,11.6 m,
09/29/2023,0.046749,0.047538,0.046565,0.047459,8.6 m,
09/30/2023,0.047476,0.048675,0.04729,0.047857,8.5 m,
10/01/2023,0.047756,0.048968,0.047751,0.048876,8.5 m,
10/02/2023,0.048908,0.051625,0.048784,0.051598,11.8 m,
10/03/2023,0.051703,0.051732,0.049497,0.05001,14.9 m,
10/04/2023,0.049955,0.051022,0.049616,0.050374,12.3 m,
10/05/2023,0.050318,0.05052,0.049128,0.049134,9.4 m,
10/06/2023,0.049237,0.049237,0.047079,0.048366,11.6 m,
10/07/2023,0.048336,0.050593,0.048107,0.050403,10.6 m,
10/08/2023,0.05035,0.051122,0.049058,0.04924,11.7 m,
10/09/2023,0.04921,0.05004,0.048008,0.048645,9.9 m,
10/10/2023,0.048586,0.048586,0.045029,0.045492,11.8 m,
10/11/2023,0.045503,0.046255,0.041513,0.042209,18.6 m,
10/12/2023,0.042206,0.044137,0.041123,0.043572,21.8 m,
10/13/2023,0.044048,0.04498,0.042422,0.043601,14.1 m,
10/14/2023,0.043671,0.044016,0.042022,0.042022,10.8 m,
10/15/2023,0.042039,0.043323,0.041773,0.042173,9.9 m,
10/16/2023,0.042281,0.043074,0.042168,0.042942,6.7 m,
10/17/2023,0.042974,0.046175,0.042832,0.044954,11.1 m,
10/18/2023,0.04486,0.047987,0.044446,0.047505,14.5 m,
10/19/2023,0.047495,0.047698,0.045383,0.046677,13.9 m,
10/20/2023,0.046536,0.046908,0.045349,0.045815,11.3 m,
10/21/2023,0.045877,0.0495,0.045817,0.048765,12.9 m,
10/22/2023,0.048756,0.05109,0.048756,0.049738,15.4 m,
10/23/2023,0.04985,0.05062,0.048632,0.050046,13.5 m,
10/24/2023,0.049979,0.051663,0.049657,0.051399,10.7 m,
10/25/2023,0.051295,0.053012,0.050519,0.051739,19.6 m,
10/26/2023,0.051759,0.052027,0.049095,0.04939,15 m,
10/27/2023,0.049452,0.0503,0.048565,0.049582,14.9 m,
10/28/2023,0.049602,0.051097,0.049247,0.050602,9.9 m,
10/29/2023,0.050544,0.051103,0.050481,0.051009,9 m,
10/30/2023,0.050984,0.052874,0.050892,0.052432,8.3 m,
10/31/2023,0.052413,0.052808,0.050465,0.051163,10.3 m,
11/01/2023,0.051267,0.051583,0.049234,0.050221,13.7 m,
11/02/2023,0.050233,0.052009,0.050224,0.051987,11.9 m,
11/03/2023,0.051938,0.052081,0.050271,0.050937,11.7 m,
11/04/2023,0.050988,0.052091,0.050322,0.052091,10.7 m,
11/05/2023,0.052191,0.059992,0.052191,0.059226,22.6 m,
11/06/2023,0.059359,0.066164,0.057506,0.06447,48.2 m,
11/07/2023,0.064496,0.068268,0.061774,0.064414,59.2 m,
11/08/2023,0.064335,0.069882,0.063713,0.068318,30.4 m,
11/09/2023,0.068016,0.079099,0.068016,0.078275,50.4 m,
11/10/2023,0.078412,0.092814,0.076812,0.091901,118.6 m,
11/11/2023,0.093736,0.099242,0.088466,0.091243,134 m,
11/12/2023,0.091036,0.092271,0.084048,0.088444,61.4 m,
11/13/2023,0.088622,0.091259,0.085996,0.087674,43.5 m,
11/14/2023,0.087677,0.089613,0.079202,0.081037,41.6 m,
11/15/2023,0.080541,0.091019,0.079992,0.089921,48.5 m,
11/16/2023,0.089547,0.118161,0.089366,0.116593,94.8 m,
11/17/2023,0.116888,0.144878,0.111949,0.125337,219.8 m,
11/18/2023,0.126649,0.142016,0.113183,0.138364,248.9 m,
11/19/2023,0.135142,0.14668,0.127803,0.139705,293.3 m,
11/20/2023,0.137583,0.153194,0.134119,0.143863,263.4 m,
11/21/2023,0.144522,0.146,0.128917,0.130289,214.5 m,
11/22/2023,0.128933,0.132505,0.115321,0.115529,169 m,
11/23/2023,0.118797,0.134907,0.118797,0.128683,194.5 m,
11/24/2023,0.127742,0.131004,0.124186,0.125973,126 m,
11/25/2023,0.126818,0.142761,0.125974,0.139473,106.5 m,
11/26/2023,0.139801,0.142069,0.134005,0.137386,122.2 m,
11/27/2023,0.137605,0.139006,0.127791,0.130567,74.4 m,
11/28/2023,0.130575,0.132274,0.122357,0.128189,85.4 m,
11/29/2023,0.128718,0.135117,0.123379,0.132444,89.3 m,
11/30/2023,0.132716,0.13483,0.127759,0.129006,84.9 m,
12/01/2023,0.129006,0.131393,0.127319,0.128676,57 m,
12/02/2023,0.128418,0.141591,0.128406,0.137964,71.1 m,
12/03/2023,0.138229,0.141058,0.135364,0.137464,103 m,
12/04/2023,0.137739,0.142889,0.137383,0.140406,81.3 m,
12/05/2023,0.140421,0.150172,0.13812,0.145745,160.3 m,
12/06/2023,0.145666,0.14682,0.138345,0.14006,169.2 m,
12/07/2023,0.14014,0.141687,0.135263,0.137167,87.4 m,
12/08/2023,0.136884,0.139117,0.126497,0.126869,77.7 m,
12/09/2023,0.127903,0.135035,0.125942,0.130823,93.8 m,
12/10/2023,0.131376,0.133643,0.126124,0.128403,75.9 m,
12/11/2023,0.128145,0.131104,0.123991,0.129355,62.8 m,
12/12/2023,0.129454,0.129454,0.115137,0.119103,86.4 m,
12/13/2023,0.119334,0.126031,0.115846,0.119009,83.2 m,
12/14/2023,0.119251,0.131949,0.117999,0.127174,108.5 m,
12/15/2023,0.128304,0.130746,0.1252,0.128903,111.8 m,
12/16/2023,0.128704,0.129032,0.117027,0.117513,76.1 m,
12/17/2023,0.118104,0.124989,0.116756,0.118411,68.7 m,
12/18/2023,0.118516,0.119451,0.104389,0.106831,96.9 m,
12/19/2023,0.106262,0.108842,0.095602,0.108775,172.2 m,
12/20/2023,0.109392,0.114687,0.105574,0.106918,162.9 m,
12/21/2023,0.106679,0.117583,0.104833,0.114119,143.5 m,
12/22/2023,0.113877,0.115595,0.10896,0.113052,184.6 m,
12/23/2023,0.112669,0.115663,0.106311,0.110165,134.8 m,
12/24/2023,0.110453,0.114848,0.105627,0.113211,118.4 m,
12/25/2023,0.112297,0.113447,0.103118,0.10493,130.4 m,
12/26/2023,0.104853,0.109754,0.103364,0.109477,137.5 m,
12/27/2023,0.109611,0.112766,0.099568,0.104878,143.6 m,
12/28/2023,0.105856,0.10642,0.102175,0.106053,125.8 m,
12/29/2023,0.107055,0.113653,0.104009,0.11245,127.4 m,
12/30/2023,0.112705,0.127942,0.109375,0.119426,415.8 m,
12/31/2023,0.120461,0.125575,0.112355,0.117678,322.4 m,
01/01/2024,0.119217,0.119217,0.110264,0.11156,130 m,
01/02/2024,0.112489,0.116843,0.109491,0.116843,93.2 m,
01/03/2024,0.117191,0.123368,0.113951,0.116605,125.4 m,
01/04/2024,0.116485,0.12032,0.092384,0.106309,177.6 m,
01/05/2024,0.105506,0.118365,0.102821,0.117016,185.9 m,
01/06/2024,0.118403,0.118836,0.106158,0.110513,174.7 m,
01/07/2024,0.110254,0.110965,0.104068,0.107546,133 m,
01/08/2024,0.108238,0.113146,0.104736,0.106271,106.8 m,
01/09/2024,0.106294,0.115561,0.098527,0.113835,108.4 m,
01/10/2024,0.114877,0.116865,0.108986,0.111126,144.1 m,
01/11/2024,0.111877,0.123012,0.110309,0.119845,132.6 m,
01/12/2024,0.11941,0.128784,0.114801,0.123232,168.8 m,
01/13/2024,0.123864,0.125593,0.110987,0.115427,157.4 m,
01/14/2024,0.11543,0.116732,0.11261,0.114342,106.5 m,
01/15/2024,0.114155,0.117607,0.112601,0.112601,176.7 m,
01/16/2024,0.113302,0.114599,0.108969,0.110344,271.2 m,
01/17/2024,0.110324,0.114073,0.10983,0.112571,268.5 m,
01/18/2024,0.112611,0.112911,0.110146,0.112123,231.3 m,
01/19/2024,0.112229,0.112229,0.101733,0.104005,118.6 m,
01/20/2024,0.104284,0.106413,0.095636,0.106363,128.2 m,
01/21/2024,0.106403,0.106775,0.101412,0.102878,121.3 m,
01/22/2024,0.103111,0.105013,0.102429,0.102492,100.8 m,
01/23/2024,0.102511,0.102915,0.097707,0.098106,100.8 m,
01/24/2024,0.098297,0.099834,0.093406,0.097976,102.5 m,
01/25/2024,0.098009,0.103078,0.096555,0.100521,92.8 m,
01/26/2024,0.099657,0.10043,0.09623,0.09873,75 m,
01/27/2024,0.098687,0.105557,0.097895,0.104534,88.2 m,
01/28/2024,0.104321,0.106552,0.103322,0.106445,95.3 m,
01/29/2024,0.106803,0.109858,0.103405,0.104265,95.6 m,
01/30/2024,0.104052,0.108011,0.101425,0.107345,92 m,
01/31/2024,0.10719,0.10797,0.10344,0.103468,92.7 m,
02/01/2024,0.10388,0.10388,0.099285,0.099285,93.3 m,
02/02/2024,0.099294,0.101921,0.097502,0.101179,91.4 m,
02/03/2024,0.101379,0.103139,0.100696,0.102392,97.7 m,
02/04/2024,0.102279,0.102952,0.101391,0.101927,103.7 m,
02/05/2024,0.101862,0.102465,0.100134,0.100944,112.8 m,
02/06/2024,0.100929,0.101684,0.09922,0.100009,107.6 m,
02/07/2024,0.099984,0.105548,0.099428,0.104509,106.9 m,
02/08/2024,0.10493,0.120998,0.103276,0.117285,146.5 m,
02/09/2024,0.116684,0.12988,0.116684,0.125461,358.8 m,
02/10/2024,0.126499,0.13883,0.125122,0.137315,298 m,
02/11/2024,0.137361,0.14257,0.133116,0.139029,231.3 m,
02/12/2024,0.140547,0.148215,0.13521,0.142096,214.9 m,
02/13/2024,0.142086,0.147111,0.135227,0.144582,199.5 m,
02/14/2024,0.145112,0.14512,0.135722,0.137598,174.2 m,
02/15/2024,0.137252,0.142417,0.136273,0.141828,146.1 m,
02/16/2024,0.142418,0.144242,0.13827,0.138988,136 m,
02/17/2024,0.139025,0.147884,0.138678,0.147555,130.8 m,
02/18/2024,0.150789,0.169314,0.149958,0.16419,533.9 m,
02/19/2024,0.163271,0.166229,0.159191,0.163107,350.7 m,
02/20/2024,0.16328,0.183574,0.162689,0.183459,214.1 m,
02/21/2024,0.183328,0.189456,0.16826,0.179763,369.1 m,
02/22/2024,0.180554,0.180554,0.16534,0.172457,287.5 m,
02/23/2024,0.172039,0.174825,0.166908,0.168634,208.3 m,
02/24/2024,0.168281,0.171158,0.161007,0.162279,154 m,
02/25/2024,0.161099,0.17108,0.159243,0.170117,133.1 m,
02/26/2024,0.17009,0.175139,0.169463,0.171083,120.9 m,
02/27/2024,0.170477,0.171778,0.160591,0.170374,140.9 m,
02/28/2024,0.170967,0.174735,0.166732,0.169121,166.4 m,
02/29/2024,0.169098,0.185482,0.155092,0.175288,205.7 m,
03/01/2024,0.173682,0.182941,0.169395,0.171612,329.8 m,
03/02/2024,0.171921,0.17625,0.170607,0.173711,176.7 m,
03/03/2024,0.173776,0.174443,0.166851,0.170737,146.3 m,
03/04/2024,0.170353,0.170353,0.162511,0.167246,157.4 m,
03/05/2024,0.166931,0.171549,0.156174,0.161526,188.6 m,
03/06/2024,0.161728,0.167766,0.134202,0.152794,233.4 m,
03/07/2024,0.152614,0.157015,0.145862,0.149625,337.4 m,
03/08/2024,0.150148,0.164633,0.146832,0.160612,233.7 m,
03/09/2024,0.160581,0.163198,0.148277,0.15008,245.8 m,
03/10/2024,0.150205,0.151172,0.142551,0.148195,217.2 m,
03/11/2024,0.1481,0.152784,0.144716,0.148205,205.6 m,
03/12/2024,0.149207,0.158863,0.14429,0.154261,218 m,
03/13/2024,0.155106,0.159156,0.144374,0.149401,234 m,
03/14/2024,0.149213,0.151221,0.144385,0.14804,217.7 m,
03/15/2024,0.148008,0.149396,0.139855,0.146476,193.6 m,
03/16/2024,0.146929,0.14742,0.125849,0.140106,307.1 m,
03/17/2024,0.140911,0.14442,0.127059,0.129326,207.8 m,
03/18/2024,0.130183,0.142831,0.125959,0.139508,175.5 m,
03/19/2024,0.139163,0.139163,0.128399,0.132205,146.9 m,
03/20/2024,0.132323,0.133466,0.116331,0.118931,200.8 m,
03/21/2024,0.118504,0.134817,0.117078,0.133595,216 m,
03/22/2024,0.133139,0.154333,0.132985,0.147708,270.2 m,
03/23/2024,0.148216,0.157515,0.142984,0.145969,304.5 m,
03/24/2024,0.145915,0.146081,0.13863,0.13863,182.8 m,
03/25/2024,0.139371,0.149086,0.139371,0.147996,126.2 m,
03/26/2024,0.1478,0.152083,0.145206,0.145622,142.2 m,
03/27/2024,0.145712,0.149639,0.136495,0.136652,146.5 m,
03/28/2024,0.135735,0.139153,0.130474,0.132992,246.4 m,
03/29/2024,0.132997,0.140434,0.132441,0.139583,175 m,
03/30/2024,0.139762,0.141434,0.13464,0.137633,127.1 m,
03/31/2024,0.137754,0.138939,0.131732,0.132836,125.6 m,
04/01/2024,0.132626,0.139484,0.132626,0.139484,99.4 m,
04/02/2024,0.140628,0.142293,0.131293,0.133923,138.5 m,
04/03/2024,0.133987,0.134146,0.122962,0.129246,156.3 m,
04/04/2024,0.129362,0.133777,0.126145,0.129382,138.1 m,
04/05/2024,0.128698,0.13448,0.127128,0.131714,108 m,
04/06/2024,0.131969,0.136256,0.127865,0.132088,121.9 m,
04/07/2024,0.131586,0.147602,0.131383,0.143303,111 m,
04/08/2024,0.143283,0.144298,0.140188,0.142397,155.2 m,
04/09/2024,0.14185,0.149546,0.139373,0.145884,120.9 m,
04/10/2024,0.146182,0.149569,0.136885,0.138179,132.8 m,
04/11/2024,0.13779,0.145898,0.134014,0.14426,129.5 m,
04/12/2024,0.144206,0.147827,0.141823,0.147801,141 m,
04/13/2024,0.147188,0.150592,0.107304,0.129968,162.9 m,
04/14/2024,0.12916,0.131234,0.104444,0.120273,265.2 m,
04/15/2024,0.1202,0.128224,0.1132,0.124108,278 m,
04/16/2024,0.124077,0.135104,0.116659,0.122362,168.1 m,
04/17/2024,0.121614,0.123326,0.111691,0.119069,162.4 m,
04/18/2024,0.119394,0.123918,0.115251,0.120648,131.6 m,
04/19/2024,0.121175,0.122404,0.115558,0.121063,149.4 m,
04/20/2024,0.121162,0.121371,0.11261,0.115371,187.1 m,
04/21/2024,0.115129,0.123064,0.113737,0.121181,125.5 m,
04/22/2024,0.121084,0.12353,0.116739,0.118847,113.8 m,
04/23/2024,0.118901,0.132217,0.117651,0.128909,115.1 m,
04/24/2024,0.128853,0.134282,0.1263,0.131221,150.4 m,
04/25/2024,0.131281,0.132256,0.123548,0.125128,135.7 m,
04/26/2024,0.125766,0.126282,0.117376,0.120426,169.1 m,
04/27/2024,0.120856,0.122789,0.118551,0.121175,111.9 m,
04/28/2024,0.121417,0.121417,0.110256,0.110704,130.9 m,
04/29/2024,0.110208,0.124142,0.110208,0.118096,163.3 m,
04/30/2024,0.119052,0.120732,0.11179,0.115101,169 m,
05/01/2024,0.115091,0.116469,0.107236,0.111933,120.4 m,
05/02/2024,0.111721,0.113297,0.103391,0.110725,130.7 m,
05/03/2024,0.110922,0.110922,0.107767,0.109327,114.8 m,
05/04/2024,0.108976,0.114549,0.106083,0.114014,104.3 m,
05/05/2024,0.113876,0.11582,0.111288,0.113026,122.9 m,
05/06/2024,0.112907,0.113071,0.10966,0.110527,116.9 m,
05/07/2024,0.110638,0.115553,0.10964,0.112405,115 m,
05/08/2024,0.112553,0.117735,0.111829,0.11448,114.5 m,
05/09/2024,0.114179,0.125913,0.112062,0.12028,139.8 m,
05/10/2024,0.120626,0.126509,0.12059,0.125889,226.5 m,
05/11/2024,0.125737,0.13462,0.122569,0.125501,182.2 m,
05/12/2024,0.125998,0.13055,0.123775,0.124239,165.4 m,
05/13/2024,0.124283,0.127619,0.12275,0.125169,145.9 m,
05/14/2024,0.125707,0.126024,0.116601,0.11927,153.1 m,
05/15/2024,0.118541,0.119524,0.11483,0.115255,125.9 m,
05/16/2024,0.115586,0.125438,0.114993,0.124189,116.5 m,
05/17/2024,0.124418,0.126366,0.120451,0.122875,120.8 m,
05/18/2024,0.123166,0.12729,0.12279,0.124796,107.5 m,
05/19/2024,0.124747,0.127158,0.123997,0.127158,108.8 m,
05/20/2024,0.127152,0.127505,0.124287,0.125008,107.5 m,
05/21/2024,0.12494,0.132432,0.123997,0.131481,104.1 m,
05/22/2024,0.131221,0.137437,0.129157,0.135504,148.6 m,
05/23/2024,0.13522,0.143849,0.13275,0.138816,163.8 m,
05/24/2024,0.139055,0.144235,0.132483,0.136181,166.1 m,
05/25/2024,0.135597,0.136779,0.131468,0.134522,142.5 m,
05/26/2024,0.13467,0.143536,0.133389,0.143502,108.7 m,
05/27/2024,0.143666,0.144581,0.13941,0.141352,126.9 m,
05/28/2024,0.141065,0.146002,0.139431,0.145483,116.5 m,
05/29/2024,0.145671,0.146112,0.140617,0.141841,122 m,
05/30/2024,0.141766,0.143512,0.139615,0.140193,118.8 m,
05/31/2024,0.140605,0.143711,0.136187,0.141616,175.1 m,
06/01/2024,0.141915,0.14261,0.138669,0.140954,281.4 m,
06/02/2024,0.140936,0.142251,0.14061,0.141323,265.4 m,
06/03/2024,0.141155,0.151,0.141155,0.15059,268 m,
06/04/2024,0.150689,0.17883,0.147401,0.171139,371.1 m,
06/05/2024,0.173103,0.18287,0.168297,0.182519,667.4 m,
06/06/2024,0.183063,0.194337,0.17711,0.180407,541 m,
06/07/2024,0.180841,0.185857,0.174156,0.174674,452.2 m,
06/08/2024,0.175039,0.180302,0.155158,0.165088,394 m,
06/09/2024,0.166174,0.172027,0.158692,0.159189,418.7 m,
06/10/2024,0.158479,0.172052,0.158243,0.171533,347.9 m,
06/11/2024,0.172344,0.172402,0.163213,0.164729,361.2 m,
06/12/2024,0.165265,0.16861,0.157777,0.166359,362.3 m,
06/13/2024,0.166397,0.182765,0.163598,0.172943,393.7 m,
06/14/2024,0.173034,0.176077,0.165031,0.169306,405.9 m,
06/15/2024,0.170294,0.17194,0.161595,0.165485,334.5 m,
06/16/2024,0.166554,0.169359,0.15328,0.156059,349.8 m,
06/17/2024,0.155994,0.163837,0.15306,0.162719,343.9 m,
06/18/2024,0.163949,0.164963,0.152949,0.155473,331.7 m,
06/19/2024,0.155191,0.155191,0.139906,0.145773,408 m,
06/20/2024,0.145411,0.151697,0.143544,0.146619,349.8 m,
06/21/2024,0.145778,0.153689,0.144628,0.148879,307.6 m,
06/22/2024,0.149194,0.150323,0.14508,0.148379,308.4 m,
06/23/2024,0.148397,0.157287,0.147355,0.156253,292.6 m,
06/24/2024,0.156211,0.162113,0.15423,0.155309,306 m,
06/25/2024,0.155169,0.159011,0.147091,0.157003,336.2 m,
06/26/2024,0.157665,0.165167,0.155795,0.164905,337.8 m,
06/27/2024,0.164605,0.179896,0.161699,0.17911,327.9 m,
06/28/2024,0.180309,0.185268,0.174091,0.184268,523.1 m,
06/29/2024,0.184216,0.187608,0.179616,0.181482,427.3 m,
06/30/2024,0.181988,0.195488,0.179204,0.193479,368.9 m,
07/01/2024,0.195205,0.200027,0.180069,0.192826,599.2 m,
07/02/2024,0.192676,0.196201,0.179893,0.181643,665.1 m,
07/03/2024,0.181958,0.18897,0.178511,0.180028,407.9 m,
07/04/2024,0.180329,0.181174,0.171223,0.176325,376.7 m,
07/05/2024,0.175819,0.177539,0.162032,0.168576,403.6 m,
07/06/2024,0.166481,0.16807,0.148531,0.16431,495.9 m,
07/07/2024,0.163331,0.177311,0.161969,0.171163,416.4 m,
07/08/2024,0.170569,0.173202,0.161501,0.161501,369.7 m,
07/09/2024,0.161188,0.169964,0.156745,0.169172,394.3 m,
07/10/2024,0.16883,0.175138,0.166632,0.173285,387.6 m,
07/11/2024,0.172366,0.175984,0.169484,0.172346,345.1 m,
07/12/2024,0.172608,0.174493,0.168502,0.168844,322.2 m,
07/13/2024,0.168629,0.171348,0.164597,0.171348,330.8 m,
07/14/2024,0.170829,0.171973,0.168807,0.170451,299 m,
07/15/2024,0.171008,0.175742,0.169769,0.173773,301.8 m,
07/16/2024,0.173552,0.184692,0.17307,0.184533,379.6 m,
07/17/2024,0.185018,0.185396,0.176589,0.18227,371.1 m,
07/18/2024,0.182053,0.183787,0.176981,0.178614,341 m,
07/19/2024,0.178535,0.18277,0.177669,0.181274,317 m,
07/20/2024,0.181434,0.185622,0.179025,0.183645,305.1 m,
07/21/2024,0.183275,0.185269,0.18124,0.183848,315.7 m,
07/22/2024,0.183733,0.186619,0.176449,0.182088,317.2 m,
07/23/2024,0.181849,0.182551,0.175255,0.178105,347.4 m,
07/24/2024,0.178463,0.182354,0.174115,0.182007,330.2 m,
07/25/2024,0.181823,0.183059,0.178645,0.180345,290.4 m,
07/26/2024,0.180702,0.180702,0.175469,0.177847,164.6 m,
07/27/2024,0.17802,0.183749,0.177608,0.183745,140.6 m,
07/28/2024,0.183802,0.197173,0.182918,0.190634,228.4 m,
07/29/2024,0.19014,0.190524,0.185018,0.189864,256.5 m,
07/30/2024,0.190463,0.196451,0.187457,0.195027,158.5 m,
07/31/2024,0.194941,0.199201,0.19079,0.197331,260.7 m,
08/01/2024,0.197808,0.208652,0.196634,0.206489,412.8 m,
08/02/2024,0.207841,0.208892,0.195264,0.203598,530.1 m,
08/03/2024,0.203276,0.204792,0.184857,0.187693,460.6 m,
08/04/2024,0.188228,0.192061,0.172528,0.180257,356.8 m,
08/05/2024,0.180469,0.18532,0.166743,0.168919,319 m,
08/06/2024,0.169191,0.169191,0.127055,0.155779,878.1 m,
08/07/2024,0.155425,0.173995,0.155425,0.161674,832.7 m,
08/08/2024,0.161641,0.168151,0.150104,0.153568,374.5 m,
08/09/2024,0.154791,0.173061,0.15169,0.171957,348.7 m,
08/10/2024,0.17081,0.17167,0.163602,0.169192,290.5 m,
08/11/2024,0.16876,0.170309,0.166415,0.16828,162.9 m,
08/12/2024,0.168127,0.171818,0.156319,0.160344,150.6 m,
08/13/2024,0.16071,0.164117,0.157602,0.163334,246.5 m,
08/14/2024,0.163203,0.171654,0.161038,0.170488,236.8 m,
08/15/2024,0.170336,0.174264,0.166206,0.167521,215.3 m,
08/16/2024,0.167438,0.170074,0.163392,0.1664,196.6 m,
08/17/2024,0.166232,0.169858,0.164015,0.168574,215.6 m,
08/18/2024,0.168752,0.170463,0.166169,0.166871,174.7 m,
08/19/2024,0.166759,0.169088,0.164202,0.164202,153.1 m,
08/20/2024,0.163077,0.16792,0.157113,0.16792,200.6 m,
08/21/2024,0.167018,0.168176,0.161227,0.162468,232.4 m,
08/22/2024,0.162357,0.165214,0.15942,0.160953,164.4 m,
08/23/2024,0.160455,0.163023,0.158753,0.161155,215.1 m,
08/24/2024,0.161545,0.171061,0.161326,0.168311,167.4 m,
08/25/2024,0.169106,0.179124,0.167228,0.174677,218 m,
08/26/2024,0.174463,0.174823,0.168308,0.171776,218.5 m,
08/27/2024,0.172133,0.172796,0.168626,0.16911,153.9 m,
08/28/2024,0.16034,0.16034,0.159589,0.159844,357.8 m,
08/29/2024,0.162736,0.162841,0.162623,0.16275,416.5 m,
08/30/2024,0.165426,0.16564,0.165381,0.165381,272.7 m,
08/31/2024,0.16601,0.16601,0.165535,0.165722,320.3 m,
09/01/2024,0.163055,0.163055,0.162202,0.162202,164.6 m,
09/02/2024,0.1582,0.158703,0.1582,0.158703,237.3 m,
09/03/2024,0.161334,0.162264,0.161334,0.162009,205.7 m,
09/04/2024,0.153498,0.153586,0.153032,0.153586,186.8 m,
09/05/2024,0.155952,0.155998,0.155175,0.155449,412.2 m,
09/06/2024,0.146981,0.147733,0.146981,0.147341,339.3 m,
09/07/2024,0.145611,0.146212,0.14538,0.146212,436.7 m,
09/08/2024,0.148521,0.148972,0.148335,0.148972,173.4 m,
09/09/2024,0.151491,0.151491,0.151038,0.151273,143.3 m,
09/10/2024,0.158291,0.158291,0.158091,0.158091,242.1 m,
09/11/2024,0.16451,0.165592,0.16451,0.165465,253.9 m,
09/12/2024,0.169367,0.169367,0.169153,0.169154,277.6 m,
09/13/2024,0.167163,0.167163,0.166629,0.166803,212.2 m,
09/14/2024,0.172035,0.172357,0.172035,0.172176,212.4 m,
09/15/2024,0.177856,0.177931,0.177596,0.177694,226.7 m,
09/16/2024,0.170059,0.170059,0.168549,0.168549,446.2 m,
09/17/2024,0.166838,0.167309,0.166838,0.167309,301.2 m,
09/18/2024,0.169961,0.170044,0.169811,0.169894,292.3 m,
09/19/2024,0.173555,0.173555,0.172663,0.172839,315.6 m,
09/20/2024,0.170357,0.170866,0.169836,0.169836,352.3 m,
09/21/2024,0.168751,0.168751,0.16861,0.16861,238.9 m,
09/22/2024,0.170157,0.170248,0.169487,0.169794,116.3 m,
09/23/2024,0.166323,0.166323,0.165453,0.165453,240.0 m,
09/24/2024,0.163018,0.163018,0.1623,0.162799,229.9 m,
09/25/2024,0.166672,0.167775,0.166672,0.167614,300.6 m,
09/26/2024,0.161379,0.161446,0.160471,0.160471,266.7 m,
09/27/2024,0.165269,0.165551,0.165114,0.165114,262.2 m,
09/28/2024,0.173177,0.173217,0.172983,0.173217,386.1 m,
09/29/2024,0.165765,0.166094,0.165494,0.166094,213.8 m,
09/30/2024,0.16172,0.161955,0.161492,0.161787,175.8 m,
10/01/2024,0.160106,0.160106,0.15915,0.159644,245.2 m,
10/02/2024,0.151606,0.151861,0.151135,0.151135,455.3 m,
10/03/2024,0.145059,0.145736,0.145059,0.145515,305.5 m,
10/04/2024,0.147696,0.148925,0.147696,0.148512,206.6 m,
10/05/2024,0.148116,0.148116,0.147705,0.14798,215.1 m,
10/06/2024,0.147991,0.147991,0.147716,0.147775,120.7 m,
10/07/2024,0.146559,0.147201,0.146467,0.147201,151.1 m,
10/08/2024,0.138319,0.1385,0.137974,0.137974,362.9 m,
10/09/2024,0.140006,0.140006,0.139366,0.139366,283.4 m,
10/10/2024,0.134029,0.134567,0.133894,0.134353,209.9 m,
10/11/2024,0.130952,0.130952,0.130446,0.130706,298.3 m,
10/12/2024,0.140774,0.140774,0.139654,0.139654,260.5 m,
10/13/2024,0.132368,0.133412,0.132368,0.133412,270.3 m,
10/14/2024,0.132315,0.132315,0.131648,0.132054,177.3 m,
10/15/2024,0.136726,0.136763,0.136045,0.136547,266.4 m,
10/16/2024,0.133943,0.134498,0.133802,0.134335,336.3 m,
10/17/2024,0.130858,0.130858,0.130125,0.130171,224.2 m,
10/18/2024,0.126709,0.126709,0.126376,0.126578,637.5 m,
10/19/2024,0.131654,0.132482,0.131654,0.132482,383.3 m,
10/20/2024,0.127667,0.12806,0.127667,0.127675,210.5 m,
10/21/2024,0.134436,0.134436,0.13383,0.13383,231.5 m,
10/22/2024,0.131231,0.131649,0.131231,0.131649,319.4 m,
10/23/2024,0.135132,0.135132,0.134836,0.134902,495.2 m,
10/24/2024,0.131782,0.131951,0.131529,0.131951,303.0 m,
10/25/2024,0.128362,0.128659,0.128243,0.128243,249.3 m,
10/26/2024,0.114836,0.114836,0.113515,0.114205,621.8 m,
10/27/2024,0.11723,0.11723,0.116582,0.116582,784.7 m,
10/28/2024,0.12001,0.120261,0.1199,0.120219,271.3 m,
10/29/2024,0.120556,0.122077,0.120556,0.122077,346.9 m,
10/30/2024,0.112858,0.11297,0.112646,0.112897,893.0 m,
10/31/2024,0.114839,0.115186,0.114499,0.114499,807.7 m,
11/01/2024,0.115776,0.115776,0.113318,0.114254,903.4 m,
11/02/2024,0.116293,0.11662,0.116293,0.11662,769.8 m,
11/03/2024,0.111084,0.111457,0.110859,0.110859,292.8 m,
11/04/2024,0.109277,0.109699,0.109104,0.109699,455.2 m,
11/05/2024,0.105078,0.105093,0.104884,0.105026,477.7 m,
11/06/2024,0.114981,0.115785,0.114771,0.115574,457.4 m,
11/07/2024,0.121175,0.122387,0.121175,0.122274,961.5 m,
11/08/2024,0.11474,0.11474,0.113359,0.113359,922.5 m,
11/09/2024,0.110913,0.110943,0.110705,0.110705,898.8 m,
11/10/2024,0.133885,0.135328,0.133885,0.135284,1487.4 m,
11/11/2024,0.152661,0.153607,0.152401,0.153607,3093.2 m,
11/12/2024,0.147368,0.148406,0.147368,0.148208,1432.7 m,
11/13/2024,0.138707,0.138826,0.136251,0.136251,1596.4 m,
11/14/2024,0.126907,0.127492,0.126808,0.127322,1106.4 m,
11/15/2024,0.134956,0.134956,0.132349,0.132349,1780.8 m,
11/16/2024,0.13631,0.137593,0.13631,0.137349,1250.4 m,
11/17/2024,0.143771,0.143771,0.141327,0.142825,785.1 m,
11/18/2024,0.15371,0.154146,0.1533,0.154146,811.2 m,
11/19/2024,0.17165,0.172411,0.171423,0.172411,1262.8 m,
11/20/2024,0.157818,0.158861,0.157818,0.158861,1351.6 m,
11/21/2024,0.150711,0.150711,0.148635,0.148635,1076.5 m,
11/22/2024,0.150959,0.150959,0.150384,0.150384,1003.1 m,
11/23/2024,0.155351,0.155749,0.155072,0.155414,833.5 m,
11/24/2024,0.156612,0.156612,0.155762,0.15601,1272.7 m,
11/25/2024,0.150376,0.151169,0.150376,0.15063,1212.9 m,
11/26/2024,0.152245,0.15238,0.151943,0.151943,1178.2 m,
11/27/2024,0.148228,0.148346,0.147631,0.148251,933.0 m,
11/28/2024,0.15335,0.15335,0.152801,0.152944,817.8 m,
11/29/2024,0.150919,0.151396,0.150919,0.151326,717.1 m,
11/30/2024,0.15523,0.15523,0.154641,0.154773,717.9 m,
12/01/2024,0.160378,0.160378,0.159392,0.159392,1181.1 m,
12/02/2024,0.171699,0.171699,0.168992,0.168992,1212.1 m,
12/03/2024,0.155188,0.155188,0.154153,0.154419,1692.4 m,
12/04/2024,0.164044,0.164234,0.162214,0.162271,1571.5 m,
12/05/2024,0.155013,0.156374,0.155013,0.156374,1710.0 m,
12/06/2024,0.162542,0.162542,0.161488,0.161601,1422.6 m,
12/07/2024,0.177682,0.178511,0.17729,0.178511,1802.5 m,
12/08/2024,0.182207,0.182538,0.181438,0.182416,2079.0 m,
12/09/2024,0.18392,0.185492,0.18392,0.18468,1356.3 m,
12/10/2024,0.163426,0.163426,0.160435,0.160435,2236.7 m,
12/11/2024,0.152487,0.153155,0.152366,0.152904,2322.9 m,
12/12/2024,0.162889,0.163885,0.162889,0.163885,1381.4 m,
12/13/2024,0.162623,0.163095,0.162487,0.162721,1540.0 m,
12/14/2024,0.161399,0.16187,0.161272,0.161344,926.4 m,
12/15/2024,0.156791,0.156791,0.156463,0.156544,865.1 m,
12/16/2024,0.157385,0.157385,0.155369,0.155369,699.0 m,
12/17/2024,0.145875,0.146756,0.145875,0.146155,1392.2 m,
12/18/2024,0.136542,0.137556,0.136542,0.137257,1717.6 m,
12/19/2024,0.124621,0.124621,0.121765,0.122447,2074.6 m,
12/20/2024,0.121715,0.123409,0.121715,0.123409,2457.5 m,
12/21/2024,0.124778,0.12505,0.124266,0.12505,2568.9 m,
12/22/2024,0.118463,0.118708,0.117998,0.117998,1263.2 m,
12/23/2024,0.115766,0.116247,0.115413,0.115413,1268.3 m,
12/24/2024,0.121525,0.122211,0.120755,0.121494,870.4 m,
12/25/2024,0.117776,0.118598,0.117776,0.118252,1192.0 m,
12/26/2024,0.120742,0.120742,0.120165,0.120165,886.2 m,
12/27/2024,0.113924,0.114099,0.113564,0.113655,990.4 m,
12/28/2024,0.118322,0.118603,0.117738,0.117785,668.2 m,
12/29/2024,0.12007,0.1204,0.119659,0.1204,762.1 m,
12/30/2024,0.118696,0.118696,0.117921,0.118101,402.0 m,
12/31/2024,0.114663,0.114663,0.114303,0.114457,805.8 m,
01/01/2025,0.11472,0.114804,0.114337,0.114337,627.9 m,
01/02/2025,0.117791,0.11818,0.117791,0.118143,416.6 m,
01/03/2025,0.12251,0.123822,0.122234,0.123822,582.7 m,
01/04/2025,0.128521,0.128521,0.128179,0.128314,641.9 m,
01/05/2025,0.125138,0.125461,0.125138,0.125461,520.0 m,
01/06/2025,0.12365,0.123879,0.123405,0.123405,626.6 m,
01/07/2025,0.123089,0.123089,0.12276,0.12276,820.5 m,
01/08/2025,0.114807,0.114937,0.114263,0.114263,794.9 m,
01/09/2025,0.11742,0.117521,0.115779,0.116811,1235.1 m,
01/10/2025,0.113502,0.113913,0.113234,0.113913,902.6 m,
01/11/2025,0.116197,0.11679,0.116197,0.116518,492.0 m,
01/12/2025,0.116385,0.116599,0.11628,0.116424,339.7 m,
01/13/2025,0.115606,0.115606,0.115037,0.115037,313.8 m,
01/14/2025,0.119263,0.120182,0.119263,0.120182,1142.5 m,
01/15/2025,0.13823,0.138406,0.138109,0.138383,1080.5 m,
01/16/2025,0.138102,0.138711,0.138102,0.138711,716.5 m,
01/17/2025,0.148171,0.148361,0.147996,0.148298,838.7 m,
01/18/2025,0.155038,0.155132,0.154003,0.154016,702.6 m,
01/19/2025,0.141115,0.14129,0.140616,0.140616,931.0 m,
01/20/2025,0.122814,0.126018,0.122814,0.126018,1826.5 m,
01/21/2025,0.12679,0.129078,0.12677,0.129078,1402.9 m,
01/22/2025,0.136394,0.137341,0.136394,0.137341,850.1 m,
01/23/2025,0.13066,0.13066,0.129402,0.129641,451.0 m,
01/24/2025,0.128267,0.128292,0.127996,0.128027,581.0 m,
01/25/2025,0.129955,0.130371,0.129892,0.130277,436.3 m,
01/26/2025,0.133736,0.133736,0.132986,0.133107,371.0 m,
01/27/2025,0.126715,0.126715,0.126083,0.126273,321.5 m,
01/28/2025,0.127122,0.12713,0.126965,0.126965,889.2 m,
