date,close,predicted_next_day_price,days_since_genesis,predicted_price
2022-06-15,0.00039,,220.0,
2022-06-16,0.00042,,221.0,
2022-06-17,0.000356,,222.0,
2022-06-18,0.000329,,223.0,
2022-06-19,0.000317,,224.0,
2022-06-20,0.000366,,225.0,
2022-06-21,0.00044,,226.0,
2022-06-22,0.000358,,227.0,
2022-06-23,0.000373,,228.0,
2022-06-24,0.000384,,229.0,
2022-06-25,0.000352,,230.0,
2022-06-26,0.000367,,231.0,
2022-06-27,0.000354,,232.0,
2022-06-28,0.000361,,233.0,
2022-06-29,0.000414,,234.0,
2022-06-30,0.000337,,235.0,
2022-07-01,0.000334,,236.0,
2022-07-02,0.000307,,237.0,
2022-07-03,0.000299,,238.0,
2022-07-04,0.000286,,239.0,
2022-07-05,0.000269,,240.0,
2022-07-06,0.00028,0.0003068449720437652,241.0,
2022-07-07,0.000275,0.0002983916057190458,242.0,
2022-07-08,0.000248,0.00029058838435179745,243.0,
2022-07-09,0.000234,0.00027942658310666304,244.0,
2022-07-10,0.00024,0.00026780364858643407,245.0,
2022-07-11,0.00024,0.00025918553692255844,246.0,
2022-07-12,0.000245,0.0002519837472374714,247.0,
2022-07-13,0.000231,0.00024662377157187173,248.0,
2022-07-14,0.000244,0.00024017930048750774,249.0,
2022-07-15,0.00025,0.00023636035341905706,250.0,
2022-07-16,0.000233,0.00023379935155166666,251.0,
2022-07-17,0.000243,0.00022964375775948517,252.0,
2022-07-18,0.000243,0.00022716597208766116,253.0,
2022-07-19,0.000218,0.0002250241233003073,254.0,
2022-07-20,0.000208,0.00022051461960055266,255.0,
2022-07-21,0.00021,0.00021548474163870558,256.0,
2022-07-22,0.000235,0.00021128657577312418,257.0,
2022-07-23,0.000221,0.00020996826771080984,258.0,
2022-07-24,0.000239,0.00020756182429143823,259.0,
2022-07-25,0.000233,0.00020698224652968903,260.0,
2022-07-26,0.000261,0.00020600522830071301,261.0,
2022-07-27,0.000288,0.00020728820858944368,262.0,
2022-07-28,0.000396,0.00021034878463788506,263.0,
2022-07-29,0.000529,0.0002192302045376624,264.0,
2022-07-30,0.000675,0.00023346558769242627,265.0,
2022-07-31,0.000865,0.0002525380859231438,266.0,
2022-08-01,0.000782,0.0002771405993092294,267.0,
2022-08-02,0.000797,0.00029971532234563715,268.0,
2022-08-03,0.000704,0.0003228265338001919,269.0,
2022-08-04,0.000614,0.00034268806801236967,270.0,
2022-08-05,0.000695,0.00035862150341354354,271.0,
2022-08-06,0.00061,0.00037755395155213866,272.0,
2022-08-07,0.0006,0.00039245580679558867,273.0,
2022-08-08,0.000673,0.00040644423495107975,274.0,
2022-08-09,0.00066,0.0004233165008599701,275.0,
2022-08-10,0.0007,0.000439177246690009,276.0,
2022-08-11,0.00076,0.00045636435815519995,277.0,
2022-08-12,0.00095,0.0004756474025809705,278.0,
2022-08-13,0.00114,0.0005016169571382139,279.0,
2022-08-14,0.00131,0.000533421471297971,280.0,
2022-08-15,0.00138,0.0005700933508779699,281.0,
2022-08-16,0.00243,0.0006088945479943836,282.0,
2022-08-17,0.00342,0.0006701884825350519,283.0,
2022-08-18,0.00321,0.0007486343899439786,284.0,
2022-08-19,0.002,0.0008282121310786106,285.0,
2022-08-20,0.00199,0.0008871007842168428,286.0,
2022-08-21,0.00241,0.0009464108156152259,287.0,
2022-08-22,0.00245,0.001016889847921564,288.0,
2022-08-23,0.0029,0.0010894969421921953,289.0,
2022-08-24,0.00356,0.0011736622128767271,290.0,
2022-08-25,0.00306,0.0012732211544999863,291.0,
2022-08-26,0.00259,0.001364852687768547,292.0,
2022-08-27,0.0027,0.001445648279175011,293.0,
2022-08-28,0.00232,0.001530056294337879,294.0,
2022-08-29,0.00258,0.0016027592320580313,295.0,
2022-08-30,0.00291,0.0016838188980260545,296.0,
2022-08-31,0.0027,0.0017750461059626314,297.0,
2022-09-01,0.00284,0.0018598708838910704,298.0,
2022-09-02,0.00269,0.0019490598011024307,299.0,
2022-09-03,0.00267,0.0020329187330296538,300.0,
2022-09-04,0.00274,0.002115487809949141,301.0,
2022-09-05,0.00274,0.00219991165952571,302.0,
2022-09-06,0.00285,0.0022835897188113485,303.0,
2022-09-07,0.0035,0.0023705174432873647,304.0,
2022-09-08,0.0042,0.0024786544004504188,305.0,
2022-09-09,0.00479,0.0026069908510943617,306.0,
2022-09-10,0.00461,0.0027513334321501467,307.0,
2022-09-11,0.00445,0.0028924135721465362,308.0,
2022-09-12,0.00393,0.00302990209947468,309.0,
2022-09-13,0.00391,0.003151692558831072,310.0,
2022-09-14,0.00398,0.003272270739178024,311.0,
2022-09-15,0.00392,0.00339453612467981,312.0,
2022-09-16,0.00421,0.0035139047895137747,313.0,
2022-09-17,0.00477,0.0036424204393994144,314.0,
2022-09-18,0.00478,0.003788348482458677,315.0,
2022-09-19,0.00429,0.003934268122580576,316.0,
2022-09-20,0.00446,0.004063060156569073,317.0,
2022-09-21,0.00445,0.00419675940509773,318.0,
2022-09-22,0.0044,0.00432895715392977,319.0,
2022-09-23,0.00415,0.00445803553516438,320.0,
2022-09-24,0.00402,0.004575988129448094,321.0,
2022-09-25,0.00375,0.004686887395933821,322.0,
2022-09-26,0.0047,0.004784138467039574,323.0,
2022-09-27,0.00402,0.004918159022303156,324.0,
2022-09-28,0.00378,0.005023334141563009,325.0,
2022-09-29,0.00293,0.0051156908334955755,326.0,
2022-09-30,0.00327,0.0051610879784694365,327.0,
2022-10-01,0.00322,0.00522397989896206,328.0,
2022-10-02,0.00288,0.005282198536569218,329.0,
2022-10-03,0.00253,0.005318891018413858,330.0,
2022-10-04,0.00226,0.005331374442366516,331.0,
2022-10-05,0.00238,0.00532334384331228,332.0,
2022-10-06,0.00236,0.005323729952076352,333.0,
2022-10-07,0.00244,0.005322031269233206,334.0,
2022-10-08,0.00252,0.005325333743363708,335.0,
2022-10-09,0.00279,0.0053332819136449544,336.0,
2022-10-10,0.00253,0.005357212887101882,337.0,
2022-10-11,0.00247,0.005363875842055956,338.0,
2022-10-12,0.00217,0.00536586370086671,339.0,
2022-10-13,0.0022,0.005346380725020071,340.0,
2022-10-14,0.00221,0.005329139034035753,341.0,
2022-10-15,0.00212,0.005312602889166576,342.0,
2022-10-16,0.00231,0.005289609775199376,343.0,
2022-10-17,0.0021,0.005279959103399585,344.0,
2022-10-18,0.00195,0.005255665678966126,345.0,
2022-10-19,0.00181,0.005220611587606532,346.0,
2022-10-20,0.00162,0.005175344613994618,347.0,
2022-10-21,0.00175,0.005115284953753646,348.0,
2022-10-22,0.00158,0.0050679044479874005,349.0,
2022-10-23,0.0018,0.005007644726290631,350.0,
2022-10-24,0.00175,0.0049668982905469216,351.0,
2022-10-25,0.00177,0.0049233673280573926,352.0,
2022-10-26,0.00204,0.004882427912468304,353.0,
2022-10-27,0.00187,0.00486085305614917,354.0,
2022-10-28,0.00188,0.004828426807047187,355.0,
2022-10-29,0.0019,0.004797341073621611,356.0,
2022-10-30,0.00186,0.004768192967216785,357.0,
2022-10-31,0.00199,0.004736999286889195,358.0,
2022-11-01,0.00285,0.004714598548004126,359.0,
2022-11-02,0.00278,0.004735580999021385,360.0,
2022-11-03,0.00323,0.004752849732817552,361.0,
2022-11-04,0.00415,0.004787404561950285,362.0,
2022-11-05,0.00399,0.004851185994350338,363.0,
2022-11-06,0.00417,0.004909207003670116,364.0,
2022-11-07,0.00394,0.004971591567994895,365.0,
2022-11-08,0.00407,0.005026045048754243,366.0,
2022-11-09,0.00362,0.005083481629318484,367.0,
2022-11-10,0.00439,0.0051255282613243,368.0,
2022-11-11,0.0043,0.005190372080011025,369.0,
2022-11-12,0.00409,0.005251663043151025,370.0,
2022-11-13,0.0049,0.005305740246780766,371.0,
2022-11-14,0.00654,0.0053813973185697925,372.0,
2022-11-15,0.00582,0.005492587897936678,373.0,
2022-11-16,0.00647,0.005588271627055713,374.0,
2022-11-17,0.00638,0.005696862335589083,375.0,
2022-11-18,0.0062,0.0058029700581992165,376.0,
2022-11-19,0.0068,0.0059045756433685915,377.0,
2022-11-20,0.0078,0.006017766786840045,378.0,
2022-11-21,0.00675,0.006148953677731369,379.0,
2022-11-22,0.00747,0.006259860149292171,380.0,
2022-11-23,0.00717,0.0063841368017226036,381.0,
2022-11-24,0.0079,0.0065020714503441915,382.0,
2022-11-25,0.00899,0.006633152035872237,383.0,
2022-11-26,0.00888,0.006782459229642692,384.0,
2022-11-27,0.00941,0.0069297795773603735,385.0,
2022-11-28,0.00892,0.007085493766467761,386.0,
2022-11-29,0.00899,0.007232947544090838,387.0,
2022-11-30,0.00863,0.007381226228349437,388.0,
2022-12-01,0.00833,0.007522727919595747,389.0,
2022-12-02,0.00729,0.007658077241212268,390.0,
2022-12-03,0.00666,0.007771503129203166,391.0,
2022-12-04,0.00724,0.007869473797452292,392.0,
2022-12-05,0.00824,0.007979768759118908,393.0,
2022-12-06,0.00771,0.008110038050581586,394.0,
2022-12-07,0.00751,0.008228543358619474,395.0,
2022-12-08,0.00729,0.008341706811815203,396.0,
2022-12-09,0.00738,0.008448870020342503,397.0,
2022-12-10,0.0072,0.008556982652345379,398.0,
2022-12-11,0.00705,0.008659832846200068,399.0,
2022-12-12,0.00697,0.008757982310588835,400.0,
2022-12-13,0.00631,0.008853031357324804,401.0,
2022-12-14,0.00608,0.008929936822796806,402.0,
2022-12-15,0.00574,0.008999322852318829,403.0,
2022-12-16,0.00521,0.009057718638920256,404.0,
2022-12-17,0.00612,0.009098473020400922,405.0,
2022-12-18,0.00561,0.009165729099599673,406.0,
2022-12-19,0.00527,0.009216984579114728,407.0,
2022-12-20,0.00516,0.009256537428265368,408.0,
2022-12-21,0.00561,0.009291568329162605,409.0,
2022-12-22,0.00578,0.009339927344506805,410.0,
2022-12-23,0.00525,0.009392366413173103,411.0,
2022-12-24,0.00529,0.009427453164161917,412.0,
2022-12-25,0.00535,0.009462960540016368,413.0,
2022-12-26,0.00511,0.009499510852206988,414.0,
2022-12-27,0.0049,0.009527452540891249,415.0,
2022-12-28,0.00478,0.009547572016431126,416.0,
2022-12-29,0.00462,0.009562873462303953,417.0,
2022-12-30,0.00494,0.00957190536542375,418.0,
2022-12-31,0.00535,0.009591544675882989,419.0,
2023-01-01,0.00523,0.009623733939436682,420.0,
2023-01-02,0.00519,0.009651390516714103,421.0,
2023-01-03,0.00499,0.009677051042847669,422.0,
2023-01-04,0.00507,0.009695556066187112,423.0,
2023-01-05,0.00458,0.009716051099003213,424.0,
2023-01-06,0.00452,0.009719357116751577,425.0,
2023-01-07,0.00445,0.009720142442933132,426.0,
2023-01-08,0.0048,0.009718073507608973,427.0,
2023-01-09,0.00487,0.009727844715419952,428.0,
2023-01-10,0.00467,0.00973945872500662,429.0,
2023-01-11,0.005,0.00974391758093495,430.0,
2023-01-12,0.00554,0.009758796725176369,431.0,
2023-01-13,0.0061,0.0097893386553514,432.0,
2023-01-14,0.00618,0.00983437374101408,433.0,
2023-01-15,0.0061,0.00988065193387742,434.0,
2023-01-16,0.00664,0.009924058913722472,435.0,
2023-01-17,0.00652,0.009980045257114045,436.0,
2023-01-18,0.006,0.010032292087304296,437.0,
2023-01-19,0.0062,0.010070594335030686,438.0,
2023-01-20,0.00645,0.010113313954668197,439.0,
2023-01-21,0.00619,0.010161481310112295,440.0,
2023-01-22,0.00598,0.010202373050608341,441.0,
2023-01-23,0.00654,0.010237093141122023,442.0,
2023-01-24,0.00595,0.010285153829936824,443.0,
2023-01-25,0.0063,0.010317601781066398,444.0,
2023-01-26,0.00621,0.010358319241404398,445.0,
2023-01-27,0.00614,0.010396053256240044,446.0,
2023-01-28,0.00576,0.010431310028417651,447.0,
2023-01-29,0.00596,0.010455931009313746,448.0,
2023-01-30,0.00553,0.010485270109435875,449.0,
2023-01-31,0.00547,0.010502380154925117,450.0,
2023-02-01,0.00573,0.010517310085151818,451.0,
2023-02-02,0.00587,0.01053891756558989,452.0,
2023-02-03,0.00563,0.010563693043926214,453.0,
2023-02-04,0.00576,0.010581509451904489,454.0,
2023-02-05,0.00656,0.010602319980091075,455.0,
2023-02-06,0.00717,0.01064242801757587,456.0,
2023-02-07,0.00744,0.010695411258208831,457.0,
2023-02-08,0.00719,0.010753286961836531,458.0,
2023-02-09,0.00653,0.010805176306164468,459.0,
2023-02-10,0.0067,0.010841632774982334,460.0,
2023-02-11,0.00644,0.010881359900723921,461.0,
2023-02-12,0.00656,0.010914400774269636,462.0,
2023-02-13,0.00658,0.010949634253860896,463.0,
2023-02-14,0.0065,0.010984704062498279,464.0,
2023-02-15,0.00711,0.011017299974679293,465.0,
2023-02-16,0.0069,0.011062870304914171,466.0,
2023-02-17,0.00753,0.01110322246933569,467.0,
2023-02-18,0.00772,0.011156140268884705,468.0,
2023-02-19,0.00781,0.011212119571408097,469.0,
2023-02-20,0.00772,0.011269134817414397,470.0,
2023-02-21,0.0072,0.011323672022609825,471.0,
2023-02-22,0.00706,0.011366932855666503,472.0,
2023-02-23,0.00725,0.011406569014202287,473.0,
2023-02-24,0.00778,0.01144959290613428,474.0,
2023-02-25,0.00844,0.011502639269832892,475.0,
2023-02-26,0.00903,0.011567320344649164,476.0,
2023-02-27,0.0107,0.0116415286873153,477.0,
2023-02-28,0.0112,0.011740837539333356,478.0,
2023-03-01,0.0131,0.011846447342166336,479.0,
2023-03-02,0.0143,0.011975517912829976,480.0,
2023-03-03,0.0125,0.012117676435019289,481.0,
2023-03-04,0.0122,0.012238406294046829,482.0,
2023-03-05,0.0126,0.012354723383856151,483.0,
2023-03-06,0.014,0.012475500159069003,484.0,
2023-03-07,0.0128,0.012612400124542646,485.0,
2023-03-08,0.0116,0.012734480312254768,486.0,
2023-03-09,0.0105,0.01284014159081858,487.0,
2023-03-10,0.0119,0.012929059848830944,488.0,
2023-03-11,0.0121,0.01303743566404341,489.0,
2023-03-12,0.012,0.013147818309687071,490.0,
2023-03-13,0.0125,0.01325615709373279,491.0,
2023-03-14,0.014,0.013370471799620278,492.0,
2023-03-15,0.013,0.013502747154970225,493.0,
2023-03-16,0.0135,0.01362218298513709,494.0,
2023-03-17,0.014,0.013747227123108736,495.0,
2023-03-18,0.0139,0.013877709937626171,496.0,
2023-03-19,0.0164,0.014006379316465761,497.0,
2023-03-20,0.0171,0.014162375757668544,498.0,
2023-03-21,0.0159,0.014325079788893162,499.0,
2023-03-22,0.0159,0.014474937106869866,500.0,
2023-03-23,0.0168,0.014624296610155973,501.0,
2023-03-24,0.0167,0.014782710238778295,502.0,
2023-03-25,0.0168,0.014939636132599712,503.0,
2023-03-26,0.0182,0.015097145337962354,504.0,
2023-03-27,0.0223,0.015268372712546904,505.0,
2023-03-28,0.023,0.015475594154944598,506.0,
2023-03-29,0.0277,0.01568849293723703,507.0,
2023-03-30,0.0291,0.015935528922720158,508.0,
2023-03-31,0.0329,0.016192395586001027,509.0,
2023-04-01,0.0362,0.016473127139504308,510.0,
2023-04-02,0.0398,0.01677333947179629,511.0,
2023-04-03,0.0367,0.01709353569239892,512.0,
2023-04-04,0.035,0.017399906104633458,513.0,
2023-04-05,0.0306,0.01769848393723706,514.0,
2023-04-06,0.0316,0.017971412787924555,515.0,
2023-04-07,0.0304,0.018251642432561246,516.0,
2023-04-08,0.0296,0.01852475791023981,517.0,
2023-04-09,0.0345,0.018792988012976426,518.0,
2023-04-10,0.0347,0.019093923671929025,519.0,
2023-04-11,0.0329,0.019397171795818548,520.0,
2023-04-12,0.0326,0.019690011039267888,521.0,
2023-04-13,0.0332,0.0199816506993271,522.0,
2023-04-14,0.0359,0.020278018893519295,523.0,
2023-04-15,0.0338,0.020592533869899107,524.0,
2023-04-16,0.0281,0.020894506722067732,525.0,
2023-04-17,0.0278,0.02115523334440092,526.0,
2023-04-18,0.0257,0.02141353201794358,527.0,
2023-04-19,0.0231,0.021653666218547273,528.0,
2023-04-20,0.0255,0.021868737286147456,529.0,
2023-04-21,0.0247,0.022106353380719684,530.0,
2023-04-22,0.0238,0.0223361089905652,531.0,
2023-04-23,0.024,0.022556614308938343,532.0,
2023-04-24,0.0258,0.022778555726881936,533.0,
2023-04-25,0.0266,0.023017288316218437,534.0,
2023-04-26,0.0313,0.023262982601862263,535.0,
2023-04-27,0.0314,0.02354794793880964,536.0,
2023-04-28,0.0315,0.023833779621878506,537.0,
2023-04-29,0.0286,0.024120459649178097,538.0,
2023-04-30,0.0288,0.024383036375802913,539.0,
2023-05-01,0.0261,0.024647081350466813,540.0,
2023-05-02,0.0263,0.024885894405338487,541.0,
2023-05-03,0.0263,0.025126087218300088,542.0,
2023-05-04,0.0276,0.025365711666374618,543.0,
2023-05-05,0.0269,0.02561718783356959,544.0,
2023-05-06,0.0265,0.025861498073417862,545.0,
2023-05-07,0.0253,0.02610131689656266,546.0,
2023-05-08,0.0229,0.026328341624802052,547.0,
2023-05-09,0.0227,0.026528351428319375,548.0,
2023-05-10,0.0226,0.026725127730307777,549.0,
2023-05-11,0.0207,0.026919797765944744,550.0,
2023-05-12,0.021,0.027090122547935382,551.0,
2023-05-13,0.0205,0.02726325569704654,552.0,
2023-05-14,0.0224,0.027428904554588775,553.0,
2023-05-15,0.0221,0.027617316070025284,554.0,
2023-05-16,0.0203,0.027801108206966418,555.0,
2023-05-17,0.0198,0.027960922575730976,556.0,
2023-05-18,0.0176,0.028112917809955562,557.0,
2023-05-19,0.0178,0.02823189034697019,558.0,
2023-05-20,0.0172,0.02835286602153273,559.0,
2023-05-21,0.0167,0.02846346563659878,560.0,
2023-05-22,0.0148,0.028565008415507007,561.0,
2023-05-23,0.0134,0.028632736405851376,562.0,
2023-05-24,0.0167,0.02867264884919698,563.0,
2023-05-25,0.0163,0.028771417733093038,564.0,
2023-05-26,0.0184,0.02886261793646508,565.0,
2023-05-27,0.019,0.028985684025263754,566.0,
2023-05-28,0.0181,0.029116416664130923,567.0,
2023-05-29,0.0175,0.029232915557738718,568.0,
2023-05-30,0.0162,0.02933921914914581,569.0,
2023-05-31,0.0159,0.02942353437511473,570.0,
2023-06-01,0.016,0.029501834254252297,571.0,
2023-06-02,0.0155,0.029580924783841823,572.0,
2023-06-03,0.0168,0.02965049099004893,573.0,
2023-06-04,0.0164,0.029741022047522513,574.0,
2023-06-05,0.0147,0.02982407206960823,575.0,
2023-06-06,0.015,0.029876567841899845,576.0,
2023-06-07,0.0151,0.02993375501750775,577.0,
2023-06-08,0.0154,0.029991943834439854,578.0,
2023-06-09,0.016,0.03005464458880352,579.0,
2023-06-10,0.0157,0.03012683056396131,580.0,
2023-06-11,0.0156,0.03019306381669826,581.0,
2023-06-12,0.0166,0.03025675058276933,582.0,
2023-06-13,0.0168,0.030336330317085748,583.0,
2023-06-14,0.0183,0.030418251255601245,584.0,
2023-06-15,0.0227,0.030522277685235112,585.0,
2023-06-16,0.0207,0.030683369607247706,586.0,
2023-06-17,0.0211,0.030818593431618642,587.0,
2023-06-18,0.0205,0.03095800621438195,588.0,
2023-06-19,0.0216,0.031088630387871484,589.0,
2023-06-20,0.0231,0.031232437080876845,590.0,
2023-06-21,0.0239,0.031393492082365866,591.0,
2023-06-22,0.0273,0.03156284834258878,592.0,
2023-06-23,0.0272,0.0317675626232209,593.0,
2023-06-24,0.0255,0.031970420322658025,594.0,
2023-06-25,0.0258,0.03215467400500937,595.0,
2023-06-26,0.0254,0.03234122590878241,596.0,
2023-06-27,0.0276,0.03252253915066615,597.0,
2023-06-28,0.0256,0.032725936028573835,598.0,
2023-06-29,0.0258,0.032907548119820614,599.0,
2023-06-30,0.0265,0.033090389881841716,600.0,
2023-07-01,0.0257,0.03327977371353852,601.0,
2023-07-02,0.0249,0.03345964782280197,602.0,
2023-07-03,0.0245,0.03362969760443182,603.0,
2023-07-04,0.0239,0.03379422758032294,604.0,
2023-07-05,0.0226,0.03395079952515194,605.0,
2023-07-06,0.0213,0.03409061323162309,606.0,
2023-07-07,0.0237,0.03421272146958032,607.0,
2023-07-08,0.026,0.03436403420988657,608.0,
2023-07-09,0.0252,0.03454060041299916,609.0,
2023-07-10,0.0242,0.0347073423991813,610.0,
2023-07-11,0.0248,0.03486160457553735,611.0,
2023-07-12,0.0263,0.035021865390549405,612.0,
2023-07-13,0.0275,0.03519791145019269,613.0,
2023-07-14,0.0286,0.0353857675976736,614.0,
2023-07-15,0.0281,0.035583943786791215,615.0,
2023-07-16,0.0327,0.035776139509674884,616.0,
2023-07-17,0.0333,0.03601115253733176,617.0,
2023-07-18,0.0343,0.03625066050024624,618.0,
2023-07-19,0.035,0.03649801816292201,619.0,
2023-07-20,0.0343,0.03675055318918306,620.0,
2023-07-21,0.035,0.03699645953890561,621.0,
2023-07-22,0.0387,0.03724756806332475,622.0,
2023-07-23,0.0402,0.03752766800624258,623.0,
2023-07-24,0.0372,0.03781851162868232,624.0,
2023-07-25,0.0357,0.038085697551919005,625.0,
2023-07-26,0.0383,0.03833988414765294,626.0,
2023-07-27,0.0369,0.038614486366265646,627.0,
2023-07-28,0.0363,0.03887719777296581,628.0,
2023-07-29,0.0357,0.039134224581858335,629.0,
2023-07-30,0.0369,0.03938542618817895,630.0,
2023-07-31,0.0388,0.03964595240311856,631.0,
2023-08-01,0.0402,0.039921143847203445,632.0,
2023-08-02,0.0464,0.040206591849096814,633.0,
2023-08-03,0.0454,0.04053586235577611,634.0,
2023-08-04,0.0466,0.04085803142431403,635.0,
2023-08-05,0.0473,0.041187986253115004,636.0,
2023-08-06,0.0504,0.04152230093345659,637.0,
2023-08-07,0.049,0.04187640148898692,638.0,
2023-08-08,0.0464,0.042221360173436175,639.0,
2023-08-09,0.0467,0.042548593361893615,640.0,
2023-08-10,0.0425,0.04287747468592912,641.0,
2023-08-11,0.0467,0.04317546379632016,642.0,
2023-08-12,0.0457,0.04350339576422572,643.0,
2023-08-13,0.0429,0.043823806781037256,644.0,
2023-08-14,0.0414,0.04412296975391421,645.0,
2023-08-15,0.0419,0.044409752902107566,646.0,
2023-08-16,0.0388,0.044699749516525784,647.0,
2023-08-17,0.0377,0.044963537596969486,648.0,
2023-08-18,0.0398,0.045216900482407126,649.0,
2023-08-19,0.0416,0.04548741597246979,650.0,
2023-08-20,0.0421,0.045771875091855575,651.0,
2023-08-21,0.0417,0.04605955399718792,652.0,
2023-08-22,0.0406,0.046343232947849596,653.0,
2023-08-23,0.0404,0.04661706216757716,654.0,
2023-08-24,0.0387,0.04688835589552526,655.0,
2023-08-25,0.0376,0.04714415274101996,656.0,
2023-08-26,0.0356,0.04738917836341658,657.0,
2023-08-27,0.0361,0.047614548136825724,658.0,
2023-08-28,0.0345,0.04784367450952107,659.0,
2023-08-29,0.0353,0.04805622721474482,660.0,
2023-08-30,0.0339,0.04827561717890967,661.0,
2023-08-31,0.0337,0.04848003281245797,662.0,
2023-09-01,0.0346,0.048681353382352854,663.0,
2023-09-02,0.0358,0.04889072377404338,664.0,
2023-09-03,0.0346,0.04911084960966407,665.0,
2023-09-04,0.0333,0.04931811467034039,666.0,
2023-09-05,0.0348,0.04951102546931018,667.0,
2023-09-06,0.0384,0.04971820098631959,668.0,
2023-09-07,0.0392,0.049958639743617944,669.0,
2023-09-08,0.039,0.05020529145768137,670.0,
2023-09-09,0.0392,0.0504491698982578,671.0,
2023-09-10,0.0403,0.05069385255861051,672.0,
2023-09-11,0.0394,0.050947285519830104,673.0,
2023-09-12,0.0424,0.05119177854845248,674.0,
2023-09-13,0.0493,0.05146123934519549,675.0,
2023-09-14,0.047,0.05178329987213253,676.0,
2023-09-15,0.0485,0.05208762192818173,677.0,
2023-09-16,0.048,0.05240237809709409,678.0,
2023-09-17,0.0456,0.052712655160210224,679.0,
2023-09-18,0.0483,0.05300367358462996,680.0,
2023-09-19,0.0522,0.05331459592130706,681.0,
2023-09-20,0.0492,0.053652873070001786,682.0,
2023-09-21,0.046,0.053968941467385526,683.0,
2023-09-22,0.0463,0.05425967198991202,684.0,
2023-09-23,0.0454,0.05455188432328752,685.0,
2023-09-24,0.0478,0.05483599463830285,686.0,
2023-09-25,0.0469,0.05513813803326151,687.0,
2023-09-26,0.047,0.055432397493978026,688.0,
2023-09-27,0.0467,0.055726542021870884,689.0,
2023-09-28,0.0474,0.056017402350279764,690.0,
2023-09-29,0.0477,0.05631288151293631,691.0,
2023-09-30,0.0489,0.05660980728753659,692.0,
2023-10-01,0.0515,0.05691513030481906,693.0,
2023-10-03,0.0504,0.057601997964091115,695.0,
2023-10-04,0.0491,0.057915817407995826,696.0,
2023-10-05,0.0483,0.058218775905165734,697.0,
2023-10-06,0.0503,0.058514520045549856,698.0,
2023-10-07,0.0492,0.05882489793844209,699.0,
2023-10-08,0.0486,0.05912585584737677,700.0,
2023-10-09,0.0455,0.059421132661557935,701.0,
2023-10-10,0.0422,0.059689930837190756,702.0,
2023-10-11,0.0439,0.05992849765683786,703.0,
2023-10-12,0.0435,0.06018132023204542,704.0,
2023-10-13,0.042,0.06042951480849131,705.0,
2023-10-14,0.0423,0.060662961481460546,706.0,
2023-10-15,0.043,0.06089809626787588,707.0,
2023-10-16,0.0449,0.061138556934530984,708.0,
2023-10-17,0.0475,0.061394864375395534,709.0,
2023-10-18,0.0467,0.06167219692464585,710.0,
2023-10-19,0.0458,0.061941828147584706,711.0,
2023-10-20,0.0488,0.06220275260474341,712.0,
2023-10-21,0.0499,0.06248766663613504,713.0,
2023-10-22,0.05,0.06278039190508808,714.0,
2023-10-23,0.0513,0.06307292164120358,715.0,
2023-10-24,0.0518,0.06337466393460828,716.0,
2023-10-25,0.0495,0.06367930255129911,717.0,
2023-10-26,0.0497,0.06396482576603202,718.0,
2023-10-27,0.0506,0.06425094491974888,719.0,
2023-10-28,0.051,0.06454324620724737,720.0,
2023-10-29,0.0524,0.06483770732640175,721.0,
2023-10-30,0.0511,0.06514208369574791,722.0,
2023-10-31,0.0502,0.06543532895034689,723.0,
2023-11-01,0.0519,0.06572036902183384,724.0,
2023-11-02,0.051,0.06601788969535875,725.0,
2023-11-03,0.052,0.06630729253115604,726.0,
2023-11-04,0.0591,0.06660358377806305,727.0,
2023-11-05,0.0645,0.06695116317443267,728.0,
2023-11-06,0.0644,0.06733374419248574,729.0,
2023-11-07,0.0683,0.06771498230341726,730.0,
2023-11-08,0.0781,0.06811978613626918,731.0,
2023-11-09,0.0925,0.06857960491877986,732.0,
2023-11-10,0.0914,0.06910971622925523,733.0,
2023-11-11,0.0884,0.06963507853952051,734.0,
2023-11-12,0.0873,0.07014656534259464,735.0,
2023-11-13,0.0808,0.07065280160638743,736.0,
2023-11-14,0.0897,0.07112609357235931,737.0,
2023-11-15,0.117,0.07164379771128526,738.0,
2023-11-16,0.1254,0.07227586772425719,739.0,
2023-11-17,0.1375,0.07293911693185817,740.0,
2023-11-18,0.1399,0.07364403017708848,741.0,
2023-11-19,0.1441,0.07435845984575268,742.0,
2023-11-20,0.1302,0.07508796964428233,743.0,
2023-11-21,0.116,0.07577427326513804,744.0,
2023-11-22,0.1279,0.07641017388781798,745.0,
2023-11-23,0.1256,0.07709112436218057,746.0,
2023-11-24,0.1396,0.07776515454261702,747.0,
2023-11-25,0.1371,0.07848884255345241,748.0,
2023-11-26,0.1303,0.07920593637090975,749.0,
2023-11-27,0.1283,0.0799009997509268,750.0,
2023-11-28,0.1321,0.08059013570665226,751.0,
2023-11-29,0.1287,0.0812942093055153,752.0,
2023-11-30,0.1283,0.08198724059047381,753.0,
2023-12-01,0.138,0.08267993829272571,754.0,
2023-12-02,0.1375,0.0834087112007155,755.0,
2023-12-03,0.1403,0.08413718592120228,756.0,
2023-12-04,0.1453,0.08487686204506777,757.0,
2023-12-05,0.1398,0.08563516047817984,758.0,
2023-12-06,0.1374,0.0863760773159909,759.0,
2023-12-07,0.1268,0.08710979959122556,760.0,
2023-12-08,0.1307,0.08780472072144666,761.0,
2023-12-09,0.1282,0.08851566354161536,762.0,
2023-12-10,0.1289,0.08921779632013577,763.0,
2023-12-11,0.1189,0.08992350621871777,764.0,
2023-12-12,0.1187,0.09058880165442972,765.0,
2023-12-13,0.127,0.09125363531224054,766.0,
2023-12-14,0.1285,0.09195369940346683,767.0,
2023-12-15,0.1171,0.09266050329151138,768.0,
2023-12-16,0.1184,0.09331953962850092,769.0,
2023-12-17,0.1063,0.09398458715400354,770.0,
2023-12-18,0.1087,0.09459312772140722,771.0,
2023-12-19,0.1065,0.09521326621508328,772.0,
2023-12-20,0.1136,0.09582240420023533,773.0,
2023-12-21,0.1131,0.09646572158183936,774.0,
2023-12-22,0.1098,0.09710665767183499,775.0,
2023-12-23,0.113,0.09773159683346869,776.0,
2023-12-24,0.1051,0.09837187035233166,777.0,
2023-12-25,0.106,0.09897268997787156,778.0,
2023-12-26,0.1049,0.09957776267195405,779.0,
2023-12-27,0.106,0.10017674461008971,780.0,
2023-12-28,0.112,0.10078101516698335,781.0,
2023-12-29,0.1196,0.10141523741689051,782.0,
2023-12-30,0.1177,0.10208559440376162,783.0,
2023-12-31,0.1116,0.10274702084496029,784.0,
2024-01-01,0.1167,0.10337859296026677,785.0,
2024-01-02,0.1163,0.10403492708764846,786.0,
2024-01-03,0.1065,0.10468914462968576,787.0,
2024-01-04,0.1168,0.10529332270423958,788.0,
2024-01-05,0.1107,0.105949403718939,789.0,
2024-01-06,0.1078,0.10657464073135542,790.0,
2024-01-07,0.1063,0.107184222455807,791.0,
2024-01-08,0.114,0.10778518682938082,792.0,
2024-01-09,0.1113,0.10842587063647605,793.0,
2024-01-10,0.1202,0.1090522619572589,794.0,
2024-01-11,0.1227,0.10972286751717648,795.0,
2024-01-12,0.1151,0.11040523924971968,796.0,
2024-01-13,0.1143,0.11104992411092779,797.0,
2024-01-14,0.1131,0.11169005543676769,798.0,
2024-01-15,0.1104,0.1123234503863577,799.0,
2024-01-16,0.1125,0.1129419766285889,800.0,
2024-01-17,0.112,0.11357105980572646,801.0,
2024-01-18,0.104,0.11419687543361204,802.0,
2024-01-19,0.1061,0.11477767591973444,803.0,
2024-01-20,0.1031,0.1153696090380353,804.0,
2024-01-21,0.1025,0.11594342701512046,805.0,
2024-01-22,0.0982,0.11651279369532345,806.0,
2024-01-23,0.0978,0.11705523430863,807.0,
2024-01-24,0.1003,0.11759412987452665,808.0,
2024-01-25,0.0986,0.11814731385113647,809.0,
2024-01-26,0.1045,0.11868901727293309,810.0,
2024-01-27,0.1062,0.11926522242714004,811.0,
2024-01-28,0.1042,0.11985037766023393,812.0,
2024-01-29,0.1073,0.12042288236526166,813.0,
2024-01-30,0.1037,0.12101250614093831,814.0,
2024-01-31,0.0994,0.12158004522532974,815.0,
2024-02-01,0.1011,0.12212023780139195,816.0,
2024-02-02,0.1021,0.12266985212117813,817.0,
2024-02-03,0.102,0.12322449945244737,818.0,
2024-02-04,0.1011,0.12377743071768874,819.0,
2024-02-05,0.0999,0.12432368476283907,820.0,
2024-02-06,0.1045,0.1248612808800777,821.0,
2024-02-07,0.117,0.1254260940234429,822.0,
2024-02-08,0.1253,0.12606129820773745,823.0,
2024-02-09,0.1372,0.12673921220867285,824.0,
2024-02-10,0.139,0.12747434839779426,825.0,
2024-02-11,0.1414,0.12821754125984905,826.0,
2024-02-12,0.1444,0.12897147119253255,827.0,
2024-02-13,0.1377,0.12973873406085917,828.0,
2024-02-14,0.1417,0.13047507579187523,829.0,
2024-02-15,0.1393,0.13122967217163323,830.0,
2024-02-16,0.1475,0.13197284808615958,831.0,
2024-02-17,0.1638,0.13275314730938081,832.0,
2024-02-18,0.1629,0.13360227700431532,833.0,
2024-02-19,0.1827,0.134448072147181,834.0,
2024-02-20,0.1797,0.13537032367655621,835.0,
2024-02-21,0.1724,0.13628234455978427,836.0,
2024-02-22,0.1689,0.1371672466472063,837.0,
2024-02-23,0.1618,0.13803877912674548,838.0,
2024-02-24,0.1697,0.13888157355929384,839.0,
2024-02-25,,,,0.13962069980289862
2024-02-26,,,,0.14036287325384006
2024-02-27,,,,0.1411081028291566
2024-02-28,,,,0.14185639746133674
2024-02-29,,,,0.14260776609832795
2024-03-01,,,,0.14336221770354596
2024-03-02,,,,0.14411976125588216
2024-03-03,,,,0.1448804057497118
2024-03-04,,,,0.14564416019490414
2024-03-05,,,,0.14641103361682722
2024-03-06,,,,0.14718103505635927
2024-03-07,,,,0.14795417356989746
2024-03-08,,,,0.14873045822936246
2024-03-09,,,,0.14950989812221124
2024-03-10,,,,0.15029250235144326
2024-03-11,,,,0.15107828003560875
2024-03-12,,,,0.15186724030881532
2024-03-13,,,,0.15265939232074047
2024-03-14,,,,0.15345474523663655
2024-03-15,,,,0.15425330823734124
2024-03-16,,,,0.15505509051928182
2024-03-17,,,,0.15586010129448968
2024-03-18,,,,0.15666834979060176
2024-03-19,,,,0.15747984525087624
2024-03-20,,,,0.15829459693419248
2024-03-21,,,,0.1591126141150683
2024-03-22,,,,0.15993390608365968
2024-03-23,,,,0.16075848214577398
2024-03-24,,,,0.16158635162287838
2024-03-25,,,,0.16241752385210445
2024-03-26,,,,0.16325200818626287
2024-03-27,,,,0.16408981399384312
2024-03-28,,,,0.16493095065902788
2024-03-29,,,,0.16577542758170044
2024-03-30,,,,0.1666232541774516
2024-03-31,,,,0.16747443987758662
2024-04-01,,,,0.16832899412913727
2024-04-02,,,,0.16918692639486796
2024-04-03,,,,0.17004824615328054
2024-04-04,,,,0.1709129628986304
2024-04-05,,,,0.17178108614092688
2024-04-06,,,,0.17265262540594498
2024-04-07,,,,0.17352759023523506
2024-04-08,,,,0.17440599018612665
2024-04-09,,,,0.17528783483174062
2024-04-10,,,,0.17617313376099544
2024-04-11,,,,0.17706189657861557
2024-04-12,,,,0.1779541329051393
2024-04-13,,,,0.17884985237692866
2024-04-14,,,,0.17974906464617588
2024-04-15,,,,0.18065177938090995
2024-04-16,,,,0.18155800626500967
2024-04-17,,,,0.18246775499820594
2024-04-18,,,,0.18338103529609442
2024-04-19,,,,0.1842978568901428
2024-04-20,,,,0.1852182295276956
2024-04-21,,,,0.18614216297198616
2024-04-22,,,,0.18706966700214353
2024-04-23,,,,0.1880007514131995
2024-04-24,,,,0.188935426016098
2024-04-25,,,,0.18987370063770415
2024-04-26,,,,0.19081558512080715
2024-04-27,,,,0.19176108932413735
2024-04-28,,,,0.19271022312236413
2024-04-29,,,,0.193662996406111
2024-04-30,,,,0.19461941908196315
2024-05-01,,,,0.19557950107247205
2024-05-02,,,,0.1965432523161641
2024-05-03,,,,0.19751068276755354
2024-05-04,,,,0.19848180239714433
2024-05-05,,,,0.19945662119144256
2024-05-06,,,,0.20043514915296026
2024-05-07,,,,0.2014173963002275
2024-05-08,,,,0.20240337266780062
2024-05-09,,,,0.20339308830626315
2024-05-10,,,,0.2043865532822452
2024-05-11,,,,0.20538377767842128
2024-05-12,,,,0.20638477159352275
2024-05-13,,,,0.20738954514234764
2024-05-14,,,,0.2083981084557659
2024-05-15,,,,0.20941047168072446
2024-05-16,,,,0.2104266449802648
2024-05-17,,,,0.2114466385335182
2024-05-18,,,,0.21247046253572602
2024-05-19,,,,0.213498127198238
2024-05-20,,,,0.21452964274852704
2024-05-21,,,,0.21556501943019282
2024-05-22,,,,0.2166042675029718
2024-05-23,,,,0.21764739724274293
2024-05-24,,,,0.2186944189415415
2024-05-25,,,,0.21974534290755826
2024-05-26,,,,0.22080017946515346
2024-05-27,,,,0.22185893895486525
2024-05-28,,,,0.22292163173341453
2024-05-29,,,,0.22398826817371237
2024-05-30,,,,0.2250588586648717
2024-05-31,,,,0.22613341361221168
2024-06-01,,,,0.22721194343726933
2024-06-02,,,,0.22829445857780364
2024-06-03,,,,0.22938096948780293
2024-06-04,,,,0.23047148663749836
2024-06-05,,,,0.2315660205133653
2024-06-06,,,,0.23266458161813622
2024-06-07,,,,0.23376718047080705
2024-06-08,,,,0.23487382760664108
2024-06-09,,,,0.23598453357718513
2024-06-10,,,,0.23709930895026793
2024-06-11,,,,0.23821816431001488
2024-06-12,,,,0.23934111025685348
2024-06-13,,,,0.24046815740752361
2024-06-14,,,,0.2415993163950774
2024-06-15,,,,0.24273459786889767
2024-06-16,,,,0.24387401249470125
2024-06-17,,,,0.24501757095454182
2024-06-18,,,,0.2461652839468274
2024-06-19,,,,0.24731716218631977
2024-06-20,,,,0.24847321640414816
2024-06-21,,,,0.2496334573478129
2024-06-22,,,,0.25079789578119566
2024-06-23,,,,0.2519665424845654
2024-06-24,,,,0.2531394082545909
2024-06-25,,,,0.25431650390433996
2024-06-26,,,,0.25549784026329625
2024-06-27,,,,0.25668342817736
2024-06-28,,,,0.25787327850886227
2024-06-29,,,,0.25906740213656554
2024-06-30,,,,0.26026580995567955
2024-07-01,,,,0.26146851287785927
2024-07-02,,,,0.2626755218312241
2024-07-03,,,,0.2638868477603559
2024-07-04,,,,0.26510250162631266
2024-07-05,,,,0.2663224944066318
2024-07-06,,,,0.26754683709534427
2024-07-07,,,,0.2687755407029718
2024-07-08,,,,0.27000861625654893
2024-07-09,,,,0.2712460747996182
2024-07-10,,,,0.2724879273922417
2024-07-11,,,,0.2737341851110144
2024-07-12,,,,0.27498485904906456
2024-07-13,,,,0.27623996031606324
2024-07-14,,,,0.2774995000382339
2024-07-15,,,,0.27876348935836226
2024-07-16,,,,0.2800319394357948
2024-07-17,,,,0.281304861446457
2024-07-18,,,,0.2825822665828556
2024-07-19,,,,0.2838641660540858
2024-07-20,,,,0.2851505710858429
2024-07-21,,,,0.2864414929204274
2024-07-22,,,,0.28773694281675033
2024-07-23,,,,0.2890369320503443
2024-07-24,,,,0.29034147191337384
2024-07-25,,,,0.2916505737146338
2024-07-26,,,,0.29296424877956617
2024-07-27,,,,0.29428250845026566
2024-07-28,,,,0.29560536408548244
2024-07-29,,,,0.29693282706063673
2024-07-30,,,,0.29826490876781947
2024-07-31,,,,0.2996016206158069
2024-08-01,,,,0.30094297403006287
2024-08-02,,,,0.30228898045275165
2024-08-03,,,,0.3036396513427388
2024-08-04,,,,0.3049949981756035
2024-08-05,,,,0.3063550324436444
2024-08-06,,,,0.3077197656558925
2024-08-07,,,,0.3090892093381058
2024-08-08,,,,0.31046337503279525
2024-08-09,,,,0.3118422742992135
2024-08-10,,,,0.3132259187133771
2024-08-11,,,,0.3146143198680672
2024-08-12,,,,0.3160074893728353
2024-08-13,,,,0.3174054388540212
2024-08-14,,,,0.31880817995474475
2024-08-15,,,,0.3202157243349278
2024-08-16,,,,0.3216280836712917
2024-08-17,,,,0.3230452696573757
2024-08-18,,,,0.3244672940035307
2024-08-19,,,,0.3258941684369392
2024-08-20,,,,0.3273259047016149
2024-08-21,,,,0.32876251455841327
2024-08-22,,,,0.33020400978504255
2024-08-23,,,,0.33165040217606256
2024-08-24,,,,0.33310170354290075
2024-08-25,,,,0.3345579257138563
2024-08-26,,,,0.336019080534105
2024-08-27,,,,0.3374851798657147
2024-08-28,,,,0.338956235587641
2024-08-29,,,,0.34043225959574835
2024-08-30,,,,0.3419132638028049
2024-08-31,,,,0.34339926013849964
2024-09-01,,,,0.34489026054944427
2024-09-02,,,,0.34638627699918273
2024-09-03,,,,0.3478873214682
2024-09-04,,,,0.3493934059539264
2024-09-05,,,,0.3509045424707468
2024-09-06,,,,0.352420743050008
2024-09-07,,,,0.35394201974002965
2024-09-08,,,,0.3554683846061033
2024-09-09,,,,0.3569998497305066
2024-09-10,,,,0.35853642721251405
2024-09-11,,,,0.3600781291683929
2024-09-12,,,,0.36162496773142266
2024-09-13,,,,0.3631769550518915
2024-09-14,,,,0.36473410329711303
2024-09-15,,,,0.36629642465143314
2024-09-16,,,,0.3678639313162283
2024-09-17,,,,0.3694366355099227
2024-09-18,,,,0.3710145494679927
2024-09-19,,,,0.3725976854429716
2024-09-20,,,,0.374186055704461
2024-09-21,,,,0.3757796725391374
2024-09-22,,,,0.37737854825075545
2024-09-23,,,,0.378982695160162
2024-09-24,,,,0.38059212560529815
2024-09-25,,,,0.38220685194120896
2024-09-26,,,,0.38382688654005515
2024-09-27,,,,0.385452241791106
2024-09-28,,,,0.38708293010076533
2024-09-29,,,,0.38871896389256944
2024-09-30,,,,0.390360355607193
2024-10-01,,,,0.3920071177024597
2024-10-02,,,,0.39365926265334705
2024-10-03,,,,0.3953168029520005
2024-10-04,,,,0.39697975110772715
2024-10-05,,,,0.3986481196470231
2024-10-06,,,,0.40032192111356285
2024-10-07,,,,0.402001168068212
2024-10-08,,,,0.4036858730890415
2024-10-09,,,,0.40537604877132116
2024-10-10,,,,0.40707170772754686
2024-10-11,,,,0.4087728625874266
2024-10-12,,,,0.410479525997903
2024-10-13,,,,0.41219171062315435
2024-10-14,,,,0.413909429144599
2024-10-15,,,,0.41563269426091537
2024-10-16,,,,0.41736151868802973
2024-10-17,,,,0.41909591515914496
2024-10-18,,,,0.42083589642473007
2024-10-19,,,,0.42258147525253587
2024-10-20,,,,0.4243326644276053
2024-10-21,,,,0.42608947675227216
2024-10-22,,,,0.42785192504617503
2024-10-23,,,,0.4296200221462598
2024-10-24,,,,0.4313937809067977
2024-10-25,,,,0.4331732141993755
2024-10-26,,,,0.4349583349129156
2024-10-27,,,,0.436749155953677
2024-10-28,,,,0.43854569024527257
2024-10-29,,,,0.44034795072866106
2024-10-30,,,,0.44215595036216643
2024-10-31,,,,0.44396970212147924
2024-11-01,,,,0.4457892189996672
2024-11-02,,,,0.4476145140071786
2024-11-03,,,,0.44944560017185675
2024-11-04,,,,0.4512824905389385
2024-11-05,,,,0.4531251981710649
2024-11-06,,,,0.45497373614829295
2024-11-07,,,,0.4568281175680959
2024-11-08,,,,0.45868835554537274
2024-11-09,,,,0.46055446321246035
2024-11-10,,,,0.4624264537191321
2024-11-11,,,,0.46430434023261574
2024-11-12,,,,0.4661881359375885
2024-11-13,,,,0.4680778540361896
2024-11-14,,,,0.4699735077480367
2024-11-15,,,,0.4718751103102174
2024-11-16,,,,0.47378267497730425
2024-11-17,,,,0.47569621502136566
2024-11-18,,,,0.4776157437319659
2024-11-19,,,,0.47954127441617617
